0.4202387739463602,0.17962744252873564,0.16311312438376682,0.6654951446253768,0.04252416589147287,0.5459500296799957,0.602628658393324,0.24321119422177787,0.0947794719341614,0.20172299999999999
0.43812000000000006,0.7458244375,0.035076150048819095,0.4536900092161179,0.09247995767195767,0.5529636150234742,0.6296966704771378,0.2298651253439128,0.0982843545016289,0.1995157142857143
0.34928190476190474,0.5840254514285714,0.005736868342278623,0.5166516390530331,0.08428820483091787,0.5523138832997988,0.4417980324855944,0.23238308564738613,0.11824138931182628,0.18131
0.41862279569892474,0.6318617032258065,0.0036543084161958584,0.47022408445812447,0.08839779453551912,0.5633802816901409,0.5448880767782878,0.2343415846482969,0.18791653673966602,0.17146142857142857
0.40950971428571437,0.3607155814285714,0.06536403779432744,0.5025156254369573,0.05787759607843137,0.5539906103286385,0.44213688984262506,0.1475586620970038,0.17542373712807804,0.13781666666666667
0.4650468436578172,0.2215014092920354,0.05790527706531607,0.5818728609853236,0.05254371071428571,0.5215422327475175,0.6096885888134442,0.16705881917655432,0.0527925887109097,0.25563846153846154
0.6665162869198312,4.4571518987341835e-5,0,0.0029058432095783616,1.7837948717948718e-4,0.03286384976525822,1.0873338477997713e-4,0.0013359151523452874,0.034055023748186336,0
0.3932791397849462,0.40073740645161293,0.01140480749172896,0.5986124867579816,0.1393852,0.5613357564743299,0.3975135119325966,0.23338159783148277,0.06848741030867184,0.13401066666666667
0.46175487179487185,0.2911070223076923,0.4743029592637096,0.516262425597445,0.3571181916666667,0.6082340195016251,0.39247495374952035,0.24425428270758337,0.19395966015302513,0.2796885714285714
0.42885250859106533,0.5907563139175258,0.13171875067981362,0.4695174276595528,0.09585569305555555,0.5492957746478874,0.515157329267954,0.23955568821595608,0.09270001477655097,0.14729363636363638
0.43724941176470594,0.4728844781512605,0.14631554572603273,0.4832963074249487,0.11925901807909604,0.5177338541050223,0.48768745682594566,0.24423411444733872,0.11194757310400183,0.13469214285714284
0.6666666666666666,0,0,0,0,0.03286384976525822,0,0,0.03402152623054676,0
0.4438184615384616,0.27297969615384615,0.08221950455978493,0.5842063846041152,0.07554195851851851,0.5585822628076149,0.4698284426964855,0.20296296023371369,0.10346989913095765,0.16622272727272727
0.48853741496598646,0.3608129979591837,0.3405430735575086,0.5423263119997925,0.22613279862542957,0.5540864233017151,0.5266741401951901,0.23292218299643885,0.10837985530072233,0.2520809090909091
0.43447527777777784,0.5613506,0.10527124167547004,0.4982393307025751,0.052905163120567374,0.5492957746478874,0.6890976499436898,0.20181235443792306,0.1414598056832087,0.226984
0.4434577777777779,0.3864940333333333,0.32100045749252387,0.5464844536981006,0.1726112076190476,0.5492957746478874,0.5289736635745957,0.2399908133295621,0.11914979150642885,0.17164
0.451496888888889,0.5176004808333333,0.32361946054108903,0.5293201463119592,0.03721990282485876,0.5633802816901409,0.5120505518667531,0.15510694702594274,0.050261521805714214,0.21724285714285715
0.438233411764706,0.4273183970588236,0.10673595827047579,0.5141295473013867,0.048404895238095234,0.5492957746478874,0.5140352424766346,0.14502058797118272,0.09424914100659221,0.167695
0.4581607894736843,0.3823771605263158,0.167061729932378,0.53836280361907,0.04051818631346578,0.5648628613787992,0.4631506303831633,0.16188569948044745,0.10695494738712913,0.18773578947368422
0.5444725043782838,0.3257933836252189,0.15657372528384286,0.5769043199659767,0.19244939485380114,0.5472895751625926,0.6505562238019519,0.18846072370363928,0.13917834414781072,0.2706088732394366
0.2749484210526315,0.45040823657894735,0.06278410915396085,0.515764881400719,0.1855524841241945,0.5550531257721769,0.43342646161360837,0.2434698621913645,0.12841998562420628,0.1959583098591549
0.3715638518518518,0.30244988925925925,0.11976271886201256,0.5743338537045141,0.0990193671641791,0.5360806816205878,0.4051319532133949,0.14026675591424756,0.06322442365135914,0.1362375
0.483528275862069,0.2046221025862069,0.40591421618551893,0.6731000387597639,0.17391891461988304,0.6063623118018455,0.488532668807669,0.13725239436542805,0.1456421660242621,0.33549833333333334
0.5166488533333333,0.320318828,0.19658876555130939,0.5705663570907289,0.1555873795698925,0.5449389671361502,0.3653302311660234,0.17590298895419265,0.19078461314508796,0.14505266666666666
0.45855064935064943,0.27461391233766236,0.07709550402929552,0.543248096403551,0.03883392280701754,0.5821596244131455,0.46264660192167684,0.22961020652901232,0.048466802311588675,0.14070444444444444
0.35706430476190476,0.299603042,0.06493453044708421,0.574462411147227,0.07183781072796934,0.5422669349429913,0.4068484171814007,0.14028905293130522,0.061516206941818745,0.13665952380952381
0.4402471578947369,0.2612662846491228,0.30915923623520875,0.5692054482737122,0.19595420878734623,0.5553743513713862,0.47369448512677986,0.23355825105668845,0.08342678857393081,0.1717492957746479
0.36971661016949153,0.2257009690677966,0.09779114218689344,0.5191712801039868,0.08595534814814815,0.544760085939365,0.45160709010697564,0.24900671608444197,0.10284955308838699,0.13153214285714285
0.5765950793650794,0.24193542083333333,0.06713000667425158,0.5453646260969296,0.07131292208835341,0.5923876592890677,0.4763913907584472,0.29985475224671915,0.15043602093278702,0.19350699999999998
0.4291459782608696,0.29240742296195654,0.09352987485277896,0.5410460619367874,0.10699133732970027,0.5476372729128394,0.4524256718506632,0.2676063357399811,0.1629488476093422,0.139725
0.45146512280701756,0.1665339155263158,0.2700321088410329,0.5527086643446775,0.16669620246045694,0.5335969030557618,0.37677626315765544,0.23994979447893278,0.12555297265735213,0.18748591549295773
0.4830265454545455,0.5028051327272727,0.1806403806889481,0.4733768886737494,0.16643601957186543,0.5584293640631668,0.5038106178796421,0.214407891512211,0.06262457292012329,0.15707230769230768
0.4176255333333334,0.2972997375,0.19232737026089147,0.5468170280766167,0.14960612395309883,0.5644600938967136,0.35414271458466245,0.26738669748185956,0.3839960759956785,0.1651125
0.4105161025641026,0.27968464192307696,0.2883079380991551,0.6335731130571559,0.2893505225225225,0.5623510292524377,0.4863646015406891,0.27379452979049695,0.12296727862536425,0.30173062500000003
0.4019241169590643,0.25210089868421054,0.20485249850987347,0.6168072081007889,0.11016569560632689,0.5445185734288773,0.4624590473225169,0.2558632506971574,0.14049977381641582,0.1549011267605634
0.4580909704641351,0.15792554873417722,0.09092318522196689,0.5459783180531282,0.10052012649572648,0.535092411006121,0.41876098986502186,0.3401515272206632,0.15535171215917223,0.23225333333333334
0.5291522222222222,0.2189938075,0.44705456718682685,0.5349796883450777,0.28509552994350285,0.5328638497652582,0.4281875018850642,0.324110138062522,0.14232539648669262,0.2714957142857143
0.5317695238095238,0.3257570901098901,0.31337569227964496,0.5348228608858446,0.24422041777777778,0.5446009389671361,0.46823292076734035,0.3323431958015152,0.25555258206240217,0.246758
0.5239971134020619,0.3261516139175258,0.26774211990707564,0.5340720193244409,0.19852028472222222,0.5446009389671361,0.4657936509902861,0.32444452938983975,0.2632694628339086,0.2570036363636364
0.5502650980392156,0.3286122117647059,0.418900486941086,0.5411787182255487,0.31138255833333334,0.5446009389671361,0.4584325954888347,0.38163743519948184,0.2564813416926157,0.23701
0.5011868852459017,0.3205999360655738,0.24076302824621204,0.5341605312621308,0.15607434666666667,0.5446009389671361,0.4589509836634656,0.34741099535611325,0.2592167982095237,0.26870285714285713
0.47536573737373744,0.19635184212121212,0.11929210744460944,0.5376158875555213,0.11810067398373982,0.5261061317399346,0.40725199574341225,0.3336780383639454,0.15737939455408403,0.23412449999999999
0.44129392207792206,0.23522045766233768,0.20137568116521504,0.6043882796809543,0.14326164618055556,0.534260106091092,0.405630182329809,0.2309994641407356,0.10033724347869345,0.1296540425531915
0.45111891891891903,0.28668671270270274,0.17312922162618338,0.5213828959512924,0.03630702826086957,0.4920187793427229,0.32273301627442613,0.13880635110133863,0.03162744134909276,0.1336326086956522
0.5357828371278459,0.1838582180385289,0.09106555361739413,0.5701296138010326,0.08288581426900583,0.48462872976328497,0.3421248355634485,0.16623235027517308,0.20867923255627804,0.12687338028169015
0.4356364711779449,0.2726520237593985,0.20057500736704367,0.5728441915436469,0.18206418955823295,0.5274665537082142,0.4136974246124142,0.24343313994800772,0.29222400691200145,0.16812313253012048
0.4245087874015748,0.2525925119685039,0.13708353561670342,0.5868373934874331,0.13787449127234494,0.5397508410040295,0.38899774101787055,0.2616887658635195,0.1010270596692358,0.12807012658227848
0.4591289667250439,0.43819190113835377,0.06919591958690663,0.4936511539562813,0.17803068233918126,0.51474638842982,0.4402134197677916,0.23133533763606684,0.24104944002945877,0.1965887323943662
0.4421298442367602,0.26353122570093457,0.304881867521424,0.5422589088777812,0.10257259748427673,0.5585099381334737,0.4920669370630856,0.21022618846967991,0.14997636649402282,0.1633830769230769
0.4221483636363637,0.3236923640909091,0.21222423915978822,0.5253544001557157,0.11532880611620795,0.5544600938967136,0.44224904911991364,0.13299072986651003,0.10236305850668707,0.20228000000000002
0.469255925925926,0.33067680416666667,0.17394921377517342,0.5501669006582759,0.15408633523809523,0.5538601982263954,0.5022389466505646,0.2216368837322693,0.34046674929770443,0.2212875
0.5284903163017032,0.39492028357664233,0.2938181312696273,0.5792286191536455,0.2357128362745098,0.5469312223707207,0.5353923647807595,0.19762909399028236,0.5244835719332679,0.21762375
0.5418907692307693,0.33844132884615385,0.48158650279727155,0.5991925574552196,0.412891232,0.5460455037919827,0.6005860430932659,0.23082071780139468,0.5530893334441347,0.22055
0.4651343655913979,0.21196482612903225,0.3986179128947611,0.5524423987732313,0.16367946233766234,0.5406027563228836,0.4016636976305151,0.2166274570016173,0.1957224415555787,0.14567684210526316
0.4870892865497076,0.27609310815789473,0.2808821627027577,0.6015591121464041,0.25324554751025197,0.5316283666913764,0.42091880630237466,0.17818783311198688,0.303906733088229,0.17066788732394367
0.5927365316718588,0.2910118578660436,0.07014492051541468,0.55550360151535,0.14991605886635462,0.5521697161160107,0.37689016562371797,0.2344678760748449,0.13342640863695462,0.189020875
0.41678938862307285,0.3150507321371611,0.08930495641824848,0.5218590844134512,0.06500010756123535,0.5350165854242949,0.43580590238247424,0.22910177712632773,0.09553568645213213,0.15088794871794872
0.5100997938144329,0.27290844381443297,0.1152205578395641,0.4819715212570156,0.1024864263888889,0.5447461400706645,0.35388115946467025,0.2217964101418601,0.09396360853483991,0.13291454545454545
0.6098453333333334,0.09851641666666666,0.43964675600576697,0.6316225381944931,0.2707081714285714,0.5449139280125196,0.3366544082262377,0.24434110196267572,0.0592135157301489,0.125
0.5629991111111111,0.08211551,0.5078854619916194,0.650637244358657,0.2545045714285714,0.5029733959311424,0.288657519870898,0.23906886182348003,0.05193211021761785,0.125
0.44759044917257684,0.18519443333333332,0.3258583613417834,0.7317077928821303,0.26237085788849346,0.5460493457197083,0.3793658378139258,0.23443152654152133,0.0936270046972959,0.13378588235294117
0.480872888888889,0.10307046333333333,0.5334071596260361,0.734011759909862,0.3659858285714286,0.5142410015649452,0.3427586223236811,0.24589879595409891,0.06007631349302027,0.12551
0.5032693333333333,0.08768851,0.5319598239232353,0.6178638585337719,0.26828356190476194,0.49859154929577465,0.3161325187166464,0.2663721037248133,0.048394720939453406,0.125
0.42467531806615777,0.24927131526717558,0.14048570733803306,0.4909821246493222,0.13248163692307693,0.5471454682292227,0.350643767819993,0.22509615027656604,0.09071517508100237,0.12872875
0.41963600000000006,0.2680610304,0.10809688494005609,0.5393380712302285,0.07609227684069612,0.5649014084507042,0.4475012245953379,0.16387547518885168,0.15675649347667456,0.13937354838709679
0.4801816666666668,0.467225478125,0.04216575124057006,0.5560763191077355,0.055215995698924734,0.5164319248826291,0.5747135380796417,0.12870370608139453,0.17505310750597985,0.37435999999999997
0.45752314363143637,0.4699896406504065,0.09107081388176434,0.5002214106038125,0.12412790710382514,0.5534944081835185,0.3789077778198386,0.19275759220401759,0.1797409861929038,0.139952
0.5043936161616163,0.3527664206060606,0.12049014383132117,0.49674973697005603,0.0894866430894309,0.5727699530516432,0.6035234669703191,0.14053235219728702,0.11913958069474918,0.406565
0.6673748444444444,0.3052276021111111,0.03845068099377575,0.43063906034540095,0.09922109814402376,0.5490245174752217,0.7544912123936762,0.07618657416730802,0.1824577295885374,0.6759367857142857
0.6541611428571429,0.3732586482142857,0.18137557092451775,0.5741913239038439,0.29907725659472423,0.5565727699530516,0.5508969406481756,0.08700154204384573,0.12082133514513559,0.4430664705882353
0.651566274509804,0.7607949588235294,0.2305146067402779,0.5180674255413665,0.7021911583333333,0.5462579397956365,0.6194294523572221,0.07153101705556814,0.11960369013399207,0.49061
0.4379111494252874,0.4703269025862069,0.1291118669632528,0.4542934363503082,0.3047510063768116,0.5530597377367654,0.5806769685951103,0.09018873104867456,0.18755403443410096,0.41183142857142857
0.5661137777777777,0.7307057866666667,0.026188536880896545,0.47131520493987905,0.6920238380952382,0.5524256651017214,0.6655604613651009,0.06702863629870956,0.14511029508944925,0.54257
0.5104837037037038,0.14648732222222222,0.03961341068306303,0.6399226476111556,0.024697814298978642,0.44383150756390194,0.4284935461271715,0.07031031137763293,0.15487719003632378,0.8361402272727273
0.32372581818181817,0.17849990857142858,0.06482017011163771,0.4845124066582768,0.11661736944444445,0.5608926284982623,0.45012302787542813,0.0908945626706889,0.274706211559599,0.7629483333333333
0.5243665277777778,0.237578321875,0.28659728540097174,0.5900612153664017,0.15061689912739964,0.5348933881064162,0.37162820297221877,0.01588517947482387,0.05628181950485723,0.6599091304347826
0.5110984000000001,0.074107199,0.034658938945892157,0.6153069366775652,0.053686308877721946,0.5296713615023474,0.23304650436576066,0.07150042166260032,0.09270075499295843,0.6764141666666666
0.5539558888888889,0.284874816875,0.038023878468523446,0.6449481775035046,0.10592856122733613,0.5514671361502348,0.34464716769063675,0.2967160418685773,0.06383334429782829,0.7442231034482759
0.6189107638888889,0.08175261927083333,0.04618266201235397,0.7408740705858458,0.06113800069808028,0.5367028560250391,0.5338781607123612,0.08609343784373832,0.06064228909663199,0.5425317391304348
0.6748116111111111,0.25243601729166665,0.24824632464463778,0.5671922965406614,0.039481403626220365,0.49151017214397497,0.5191246318961892,0.07305165011474037,0.07695884471075594,0.6672986206896552
0.4212671527777778,0.1267009640625,0.08206524183695742,0.6170167725597072,0.11193881535776613,0.551985524256651,0.1815083259363574,0,0.047849188650587016,0.6785134782608696
0.49787986111111115,0.16309140208333334,0.2164532527949523,0.7432179221873833,0.18597061082024433,0.5322280907668232,0.5382242832897856,0,0.0962501602284645,0.6042530434782609
0.6291222916666667,0.08440464479166666,0.03790189961625684,0.56962148246694,0.015409035951134381,0.18500586854460094,0.12311259147484158,0.0807212757914977,0.07223045293853927,0.6896530434782608
0.6038059317585301,0.5440472238188977,0.10554209055902729,0.4926277764168175,0.34153062345191043,0.549221840227718,0.5698131476487444,0.09891734174592666,0.13494567727632725,0.3410051612903226
0.5515599999999999,0.5282537466666667,0.15495820621794965,0.476339867723313,0.5971869333333334,0.557433489827856,0.6070798881083522,0.07339315210121021,0.06588606736762653,0.49704
0.6346650980392157,0.6229838911764706,0.17303899625422997,0.54581958638655,0.6830366583333334,0.5492957746478874,0.5261881792029695,0,0.13668837635712702,0.58166
0.4094884848484849,0.5672232688636364,0.1475586902786518,0.4822689105118478,0.2955740828006088,0.5478446436192915,0.6008611117354635,0.09522767088132338,0.16216800761729758,0.49369814814814816
0.6431528888888889,0.6439592933333333,0.09710829000298993,0.4719644411026429,0.6809541619047619,0.5552425665101721,0.8203450408707533,0.09249275615372501,0.29831050212831356,0.69817
0.3258637222222222,0.7254175116666667,0.03541119567913595,0.4020170952339771,0.4378038627615063,0.5281103286384976,0.4206398921272611,0.07260487854418002,0.07916218300846041,0.5116068965517241
0.24261680555555554,0.061052547916666665,0.13118107294200818,0.8455196966238007,0.19125409574468086,0.37749413145539906,0.3288812759510505,0.06456340081448293,0.10407759039643033,0.609337
0.2519685416666666,0.18484150234375,0.05875923598317398,0.6288354406856839,0.07481379685863875,0.5445031298904538,0.17935233578505344,0,0.04554036651950553,0.6878273913043478
0.619656,0.620053385,0.050715562938707756,0.474231590754701,0.34721904053601343,0.5598591549295774,0.7388412555978002,0.07516505350417167,0.09263628152225166,0.64097375
0.6385435555555555,0.5244602454166667,0.009835843918787758,0.4836504990531077,0.21876905941422595,0.5281298904538341,0.5059717825339989,0.08720020914212903,0.036600945245070425,0.5833996551724138
0.5902040277777778,0.3054677997395833,0.05577315388110267,0.5839789450619379,0.30619698080279234,0.5820618153364632,0.8379339575881526,0.07042764571556297,0.3176349477216074,0.5439965217391305
0.5275136111111112,0.7032115729166667,0.16165440782149249,0.5035122592378215,0.42036094957983194,0.5387910798122065,0.6008033635340629,0.06986093732672995,0.17856981111045445,0.5034642857142857
0.36607013888888895,0.17023884218750002,0.10888936100035669,0.647241130178592,0.07522656170212766,0.5822818857589984,0.25357168437298266,0.27196665700360084,0.10814518017273655,0.5201505
0.05910633333333336,0.4670052866666667,0.2292242568461201,0.2738891640596112,0.20272732329149232,0.5518388106416275,0.5943129798268834,0.08328077379726005,0.17136873719138246,0.5615613793103448
0.2122823611111111,0.06794852317708333,0.11776289807649702,0.6411610516264196,0.08006346666666667,0.6368838028169014,0.23693095444874832,0.03147758555844236,0.11739175154144746,0.7111226086956521
0.4963620000000001,0.694731616,0.08920024706442752,0.4090847553123207,0.08596532663316583,0.5393661971830986,0.7179400705191712,0.035649663734470524,0.2927273629280466,0.8877941666666667
0.652680218579235,0.35357708893442624,0.033975845661501705,0.5484630057770432,0.03729927162534435,0.46459632109597476,0.5245708956139886,0.1156814881099596,0.08335508349098346,0.125
0.6074445138888889,0.21411943489583332,0.09413512986472095,0.5821884267694941,0.2479033479930192,0.5039857198748043,0.23109265247039623,0.1739334531914733,0.09653751510782235,0.15280521739130434
0.6455702518518519,0.5406028441111111,0.052822409358122206,0.46029702943372075,0.3143442334075724,0.5476473656755347,0.6735581979859905,0.04038861059819452,0.09356433743692305,0.63375125
0.3408079795396419,0.37717980601023016,0.03176102923434969,0.4432102371461598,0.21271448547008548,0.5125535823637477,0.3252288576830963,0.11294616193701368,0.24309691865995922,0.731191875
0.6461696096096096,0.4799387436936937,0.11079139333589816,0.5605352052763328,0.38758680484848484,0.5484075624920696,0.6193128224191008,0.07990280667090663,0.15406562004600804,0.4467807692307692
0.6238394666666667,0.48073707,0.15080834359427422,0.5509127155007063,0.4993460277777778,0.5457276995305165,0.5586069101795004,0.062075722496089426,0.17402978238192243,0.644415
0.6553355,0.7017799608333334,0.019597810352072392,0.4365421914501327,0.4267223057182706,0.5449139280125196,0.7346808708775687,0.08612343967578018,0.16291329346062378,0.471938275862069
0.604008,0.7309875633333334,0.21244278839193795,0.5083716963259755,0.7354300380952381,0.5461658841940532,0.5610044556994384,0.06890968795842518,0.16177197094710752,0.47749
0.5809363888888889,0.6956926141666667,0.01801105515429405,0.4916756438110339,0.5721395191919192,0.49645931142410016,0.5267464863684004,0.07987539158713657,0.12034515363625095,0.39015954545454545
0.6202764102564102,0.44277625314685315,0.10354616948171162,0.5052111397098353,0.04682010807017544,0.5228832200663186,0.6530587778692388,0.09429701640097524,0.11892318626518289,0.3954942857142857
0.6613298333333333,0.4874776872916667,0.010746714574288094,0.4921723187889123,0.202299589958159,0.5885954616588419,0.7524012211950183,0,0.06746901052574229,0.3848906896551724
0.5773467333333333,0.18806816625,0.06639096051608534,0.6070687394493406,0.09902622378559464,0.40169014084507043,0.2827807016684427,0.06936365632652575,0.07024075042817568,0.7069066666666667
0.5624359444444444,0.21261591916666667,0.03840480271509173,0.6287779489990509,0.2459140340306834,0.5351917057902973,0.6130761388557342,0.07956530231345534,0.18414173219116434,0.3476358620689655
0.6760561666666666,0.22479682791666666,0.03991298618929093,0.49204279050346417,0.11499564072524406,0.5412949921752739,0.2984332250866233,0.10772099347694791,0.19796393413405544,0.5960262068965517
0.30335058823529404,0.27134507647058825,0.29140366130927586,0.5535905725377378,0.40854785833333335,0.5854736260701464,0.5879505667883064,0.06319377765778972,0.07775882492582437,0.875
0.4649696219931272,0.53684088814433,0.10840795622784398,0.49295351651418956,0.30911907361111113,0.5533130051788394,0.5085209387747566,0.21095339730049192,0.12265310466706064,0.4992109090909091
0.10634812499999999,0.10253886171875,0.09521402288193669,0.6409953222450574,0.08516119511343805,0.3984252738654147,0.11444465104107733,0,0.04592061925862092,0.7223073913043478
0.6184919444444444,0.31781227875,0.21838139411313193,0.7534257580739775,0.3063393007032349,0.5666666666666667,0.8145751379066544,0.07525677132294697,0.08870610015263414,0.4414281481481482
0.6440608333333333,0.408984050625,0.019164048361013465,0.5917769626494704,0.07980442240896359,0.4359154929577465,0.5547710154481451,0.012836827361587862,0.10610487093144627,0.5320471428571428
0.5483850555555556,0.3987822733333333,0.06921198441270303,0.577225370290706,0.35299605746164575,0.6257042253521127,0.3285449700915954,0.47470149923896193,0.1108792597770618,0.4126124137931034
0.1786191111111111,0.04812489708333333,0.27735762630786565,0.9307555178441924,0.4851059464435147,0.7127738654147104,0.4153913959202184,0.07613766515824298,0.07954001316081026,0.42745793103448276
0.6209912195121952,0.46660328353658537,0.11883005711128614,0.5020547314935464,0.049098263394683025,0.5364422306194893,0.6242759496807609,0.12377911031535663,0.13518243844755498,0.4275775
0.003572933333333327,0.01912372975,0.08307927887287246,0.5253240044454531,0.05500499698492462,0.6073708920187794,0.08142103775834024,0.023694333321105224,0.07488725977452325,0.6579783333333333
0.5831893333333333,0.51313092,0.22045968530700683,0.4760968598736635,0.47312173333333335,0.5552425665101721,0.7616124149191682,0.07363218609279326,0.08322610123075035,0.63092
0.2775381944444444,0.16137405859375,0.019782661355623544,0.5306749454609102,0.07616125445026178,0.3459507042253521,0.09654123227343257,0,0.10584736536011073,0.6611717391304348
0.4615963169164883,0.400457449143469,0.20373465777437255,0.562378492659953,0.1969591384835479,0.5504719968634074,0.4576636324140145,0.1867073597144489,0.15040418359877464,0.6170829310344828
0.611496,0.40375080709302325,0.22167939535808873,0.5875799537919549,0.3193937006993007,0.5534556174254831,0.5327443274740746,0.1264512152064824,0.14965788199525568,0.2857103773584906
0.5839395218002813,0.3360017950421941,0.006475657594146844,0.48851556384856565,0.05106545821000705,0.4671262455181157,0.4440175993196916,0.12418958073289672,0.10336148562886563,0.18407220338983052
0.3597327927927928,0.36577944662162165,0.1999330170814265,0.5657262425305712,0.04265553922902495,0.47084760817155186,0.5203202100310301,0.07913150925043609,0.12731885387216713,0.7098744444444445
0.6444616326530612,0.6235609852040817,0.21942438920815646,0.4893800937132915,0.5908701663230241,0.5506371562709591,0.5223012803397225,0.10867771697680924,0.11900682099903118,0.18433181818181818
0.11393194444444417,0.06866678567708334,0.08250571633612348,0.38615330364768424,0.04633984140350877,0.18561717527386543,0.05148691462873217,0.0022913291041310843,0.03749700889563473,0.3964013043478261
0.6201120567375886,0.5058578,0.2210699040805746,0.4617043906099119,0.3780861652173913,0.550494456098292,0.6014849039276454,0.07219155950925105,0.059624718948763256,0.651466
0.49965833333333337,0.27774005,0.08936419628574632,0.6739733357840807,0.26378237486910994,0.5583920187793427,0.7755827786041644,0.06899116256516405,0.19318479912722267,0.5601882608695652
0.613087525925926,0.4672202122222222,0.09651605131044302,0.4938744738577457,0.35918161187824793,0.548961919666145,0.6189085874762749,0.0665051122872792,0.11145513372423055,0.644265
0.712478431372549,0.15246745588235294,0.06466982453876896,0.6151698848710466,0.04479196363636364,0.5446009389671361,0.5103950449308337,0.0936108620104258,0.07278149136522011,0.7483375
0.6350119999999999,0.5676218795833333,0.07614698056120556,0.5232886304425154,0.29090112245467226,0.5701682316118936,0.8390536671134469,0.06656032722602415,0.12355207973379971,0.5341951724137931
0.5779306111111111,0.277109544375,0.10031574373037098,0.7241176818630287,0.11446701940928271,0.5729460093896714,0.6573044969099034,0.050456614701545034,0.1273581275999536,0.6822077777777777
0.6022533333333333,0.6142623866666667,0.0982396348412372,0.5070048159974624,0.6548153142857143,0.5690140845070423,0.588947968642009,0.0944668086876105,0.11949135530164634,0.17644
0.3068405660377358,0.44745250833333333,0.03339344014732191,0.4612053887775561,0.17621025364829396,0.45043109811911297,0.39629587559086504,0.13155652073364868,0.2732168441743213,0.46270632911392406
0.6293182777777777,0.21165526979166668,0.11156980563910883,0.7221337741390692,0.18346141868898186,0.5487871674491392,0.6271667200087806,0.08291766262683868,0.1396353144635067,0.47844862068965516
0.3553803174603174,0.3549802119047619,0.20219296013755028,0.6782647661610374,0.29583726210045663,0.5469643256363579,0.4723898378281987,0.07408523496925026,0.15650189195846612,0.5489811111111111
0.5624117361111112,0.29428956640625,0.17832168450213567,0.6443587123563684,0.17407477137870855,0.5475841158059468,0.6405263658166636,0.07778854570833502,0.10789901174151094,0.5588126086956522
0.6677773333333332,0.46962217444444443,0.27828803336078456,0.5951430438727032,0.4190304734082397,0.5492957746478874,0.513678887133658,0.1851640623547858,0.13611420948622763,0.3524827272727273
0.6174338962962963,0.373652211,0.14074813956568602,0.6423893248736507,0.17263017817371937,0.553302034428795,0.5842688257266176,0.11840274180305238,0.23522235019902618,0.19482553571428574
0.5677572222222222,0.14720548270833334,0.15235251274556008,0.5888964587102388,0.07963829456066945,0.51537558685446,0.38780536679299077,0.0742101108166955,0.30398864539002357,0.67667
0.6475448333333333,0.9223046241666667,8.373376570124252e-5,0.46745187091646656,0.33501996918767507,0.5482198748043818,0.6375937113041545,0.07632578434691,0.07009411068061172,0.4543382142857143
0.6649422222222222,0.26532168666666667,0.1875081508171153,0.8532575235853586,0.6234055047619048,0.5492957746478874,0.7132409791153137,0.0722356920704708,0.09297047416809855,0.4239
0.5388235,0.33980532083333337,0.14174054561959698,0.6206033124221657,0.20318177478991598,0.5435054773082942,0.5316167566502663,0.06842259115308899,0.05733761643811503,0.6294365517241379
0.6015705627705628,0.3109959850649351,0.15057201347389565,0.6252822451977483,0.3340542298245614,0.5539906103286385,0.6706305888387818,0.09824333326177302,0.04877811252288506,0.36882777777777775
0.5659036666666667,0.168230055,0.1596978152533288,0.5666861034597616,0.07355619191073919,0.6132433489827857,0.3133588276459946,0.07207959279166459,0.16292149333827452,0.7227786206896551
0.20338190476190476,0.43317044285714285,0.05108497220212871,0.6194907917588516,0.46597916049382715,0.6374916163648559,0.6287058578340907,0.13582914386906617,0.1078019998687074,0.6212366666666667
0.6190558333333334,0.22875941875,0.09147908222666856,0.6537141761434024,0.10982338354253834,0.43472222222222223,0.3713029056275546,0.08760961576590053,0.11618381668638707,0.5326586206896552
0.5892486814814815,0.5471932412222222,0.10833128362948215,0.49975029880434996,0.341418920861173,0.6311111111111111,0.6697460405220338,0.07882003292171352,0.12448500717713068,0.6244626785714286
0.6157369444444444,0.4538396808333333,0.09371964841419404,0.5046234177743802,0.3004751648535565,0.5164906103286385,0.47949191108144956,2.8201821031009506e-4,0.15480911641743322,0.7173944827586207
0.6192211111111111,0.35089108828125,0.22607472680296367,0.6358766840676799,0.1425161612565445,0.5569737871674492,0.5997395378576603,0.08742173753104336,0.14766477564552982,0.6788730434782608
0.517490888888889,0.291107786875,0.08584492728241665,0.4701982549571675,0.07561547726638773,0.49190140845070424,0.24097228905995507,0.06609147632003431,0.11666226792657422,0.7150868965517241
0.5952150555555555,0.305845389375,0.07685914571408768,0.5867927870987234,0.11783008368200837,0.5620500782472614,0.801567414474437,0.06526815046387839,0.2873408781836895,0.7026403448275862
0.6231343333333333,0.314161239375,0.2731199150123268,0.5773561742813914,0.03966495174337517,0.52018779342723,0.4526170022128973,0.06776320302534894,0.18106903963129328,0.7190227586206897
0.2724422222222222,0.21150925312500002,0.04126273313118327,0.5002955665663791,0.06917906736474695,0.5755819640062597,0.5285624787760181,0.08031136424983613,0.4163956098134839,0.6130260869565217
0.5263685416666667,0.4531595192708333,0.11383658313277105,0.6373100220523652,0.4636637815602837,0.5758998435054773,0.5870435429098885,0.0995394233052701,0.07855983425493746,0.2123965
0.45143455657492365,0.611662185321101,0.01959747764882581,0.5354244042746588,0.37863033179723504,0.5547659042942671,0.505743658988587,0.094329806441537,0.055328280457160844,0.5514411111111112
0.5589300694444445,0.24414751875000001,0.0888008002087596,0.6505247448336314,0.17413938010471205,0.5486355633802817,0.8279145652002964,0.04393013570362677,0.18001567279894676,0.6548347826086957
0.6732375308641975,0.16425994814814815,0.11288129695807039,0.6090304663205345,0.04146068205128205,0.5475569466179795,0.4323489866930103,0.13137500901443802,0.0762792364281512,0.7283933333333333
0.2740222777777777,0.2687216152083333,0.18419942822293417,0.6197485422088894,0.3965411770114943,0.5862480438184664,0.5559786183931421,0.06553723630460644,0.12443218707413053,0.6349908695652174
0.3144355555555555,0.27647139000000004,0.2841216967582557,0.5865594785422809,0.5031287047619047,0.5953051643192488,0.5861297056085231,0.06423814935069258,0.06265627163163734,0.875
0.6693184197530864,0.3475385440740741,0.25915881275395264,0.5805630526830299,0.2905099184079602,0.5425143453312468,0.44565122421361136,0.11374490810822263,0.09527377590677821,0.59165125
0.5849628888888889,0.2930932058333333,0.1656276569733564,0.5317581607454744,0.08194417907949791,0.5439749608763693,0.5237603913863949,0.06664256206622533,0.05569116267195389,0.7074158620689656
0.631025037037037,0.36898149055555557,0.028668852475856446,0.433763297859504,0.13686842197475874,0.503755868544601,0.7262614183661701,0.012264393587372972,0.6417414511318709,0.7112703571428571
0.6279084740740741,0.4074409622222222,0.1267202291284076,0.5081069256458368,0.2052643397178916,0.5578821074595722,0.3231275935041472,0.09590581263401052,0.17277489802353824,0.5603408928571428
0.5685241666666667,0.416837621875,0.22833571550901613,0.5073644973511164,0.058946446771378704,0.5662411971830986,0.4787861153286921,0.07450265830307887,0.1299298127927129,0.7445204347826087
0.5801732155997057,0.3965145345474614,0.2557469465723743,0.564878919763794,0.32422133510324486,0.5563535739825265,0.5137489202280371,0.09121220080767627,0.19343441540679693,0.430225
0.43329458333333337,0.09729437682291667,0.08085949070417218,0.6094108731623061,0.05813266178010471,0.5812793427230047,0.5331567789606215,0.06935756340833599,0.5691852878256581,0.8754060869565218
0.6547663604240282,0.15374850441696114,0.09262085074174453,0.6329822484754369,0.11923457352245861,0.5446009389671361,0.4976902186274915,0.12579532052272419,0.06737050033186572,0.45910228571428574
0.5456280555555556,0.33478261375,0.1825445678293578,0.6827073869054537,0.4851925670886076,0.5395148669796557,0.8027339506354275,0.06289571157274976,0.09351671168628456,0.5077037037037037
0.6427566666666666,0.22991602416666668,0.0021548994739908635,0.5437382149118033,0.0847560468619247,0.5629890453834117,0.5956123505788452,0.0966574762043249,0.26272323890505894,0.5701275862068965
0.5486752,0.21565188344444447,0.13027673655782432,0.46844466894246717,0.1535093654046028,0.5128221178925405,0.3955990583014364,0.030666041582154517,0.1823238188913883,0.7624903571428572
0.6460806708595388,0.6522856169811321,0.1129436708791399,0.437481688383101,0.3872608067510549,0.5303392683142882,0.572102753780804,0.08452793333960582,0.09461194444049865,0.5414905263157895
0.6867195833333333,0.46351685052083336,0.027188937453003183,0.49958635081838093,0.09254830785340314,0.5564602895148669,0.598591576282841,0.09763741360169337,0.08365408189781966,0.6250678260869565
0.609025,0.41031542760416667,0.2378228639488223,0.5381263682756849,0.3823140746945899,0.5353090766823161,0.4972868493070552,0.07427877915860094,0.22918572100310958,0.5246252173913043
0.13907305555555552,0.46957219833333336,0.03603347483033318,0.48412749795577165,0.12943307224546724,0.5064358372456964,0.7935202118744925,0,0.10742021374015105,0.31826793103448275
0.643523111111111,0.7914797731250001,0.08243129941080818,0.4523097494702821,0.365637724137931,0.543075117370892,0.638309208833992,0.1066880720784257,0.13057782438747592,0.504691304347826
0.5753908888888889,0.23127019229166668,0.09540294976027425,0.6258026128192598,0.20893831631799162,0.5300273865414711,0.3096784327011108,0.06475333291109414,0.08069738893965774,0.5512948275862068
0.5591508771929825,0.3818863394736842,0.1855705764465989,0.5865018280411167,0.4669654882882883,0.5539906103286385,0.6884763021128685,0.07160270924411283,0.12497582201026274,0.516045
0.6115456603773585,0.81195275,0.10982942402274948,0.4705705621442618,0.7151619692307692,0.586500132872708,0.5957790622873929,0.054803538544342605,0.12126091958273882,0.6145183333333333
0.5547388333333334,0.2758816379166667,0.10739961000875006,0.5322818201523614,0.13763639107391912,0.48225743348982786,0.6280655682481611,0.004998508286563943,0.17514302054489742,0.6587493103448276
0.7226461477045908,0.24078707919161677,0.1561217269347646,0.5457557864483539,0.03703751551551552,0.5446009389671361,0.560096479729807,0.09137905568076822,0.05716906619746192,0.7679326829268293
0.5698829629629629,0.48496624444444447,0.24223511136670428,0.48135316009769624,0.4332758823529412,0.5498174230568598,0.6294898974113108,0.05089821369617103,0.08390797916299148,0.70332
0.5858794444444444,0.5380905227083334,0.04513073044461799,0.5159737632824405,0.23105678995815898,0.5575117370892019,0.5091897700295316,0.09436893408514252,0.07202592237670866,0.3790772413793103
0.3160983333333334,0.07048260708333333,0.27653128915570196,0.9026122701344576,0.250807870604782,0.5060446009389672,0.4344182342076125,0.06674781077345243,0.11800900221155401,0.5155978571428571
0.41573153333333335,0.0893850155,0.0333526844660422,0.6567570696640451,0.23794583852596315,0.588943661971831,0.211186952166724,0.14771370700241335,0.06682962206670465,0.15214375
0.42476172222222225,0.12375826958333333,0.12647787866101268,0.5831837149477208,0.09857785271966528,0.5726917057902974,0.2217992042099415,0.09602104370718528,0.0501831964357206,0.42264689655172416
0.7328622222222222,0.27831503122222223,0.06420821318020159,0.4841798481523307,0.04385101440237565,0.5257276995305165,0.6466188786215459,0.12399668837751157,0.13372808610803769,0.46595285714285717
0.5690674444444445,0.4645639066666667,0.06144681384133934,0.47476691296545426,0.42419754341736693,0.5516236306729264,0.5920176344033966,0.0853391033272119,0.07486512359775227,0.4327567857142857
0.48873720670391074,0.2847453301675978,0.1730775612936261,0.6813693666452015,0.027590716853932586,0.5305164319248826,0.5791863748073044,0.09604870440834556,0.11894537191338292,0.7877077272727273
0.41603533333333337,0.28922280833333336,0.12528803999130192,0.5545060318275223,0.30764669915966386,0.5364241001564946,0.560220762069902,0.061508587860956844,0.2337131116690281,0.7027635714285714
0.45719966666666667,0.17505368604166666,0.11240128182868489,0.6508369485638384,0.3411828448275862,0.5570813771517997,0.3157954396206652,0.20355652009728936,0.09952230161477438,0.21179807692307692
0.36478118055555553,0.3287783502604167,0.24764529606609426,0.712661961068433,0.49103011099099103,0.5837734741784038,0.5096925693818891,0.14922837944179862,0.13598925825906835,0.4554558823529412
0.532035282051282,0.35272424076923076,0.20739505789380744,0.5572376555242265,0.38138239166666665,0.5487901769591911,0.4972021014477751,0.06562408991012966,0.15018307853809595,0.504035
0.09517938888888881,0.03179617437500001,0.4405023540344541,0.4483607350479748,0.05780403641456582,0.1743740219092332,0.06507897954742961,0.005347431349461903,0.03946851074357571,0.5452917857142857
0.6075299851851852,0.34909011,0.19253907492537867,0.5099237244098356,0.17890050452858203,0.5708920187793427,0.49618532676911553,0.07883369467976724,0.15310407020061015,0.5995514285714286
0.309569,0.117768136875,0.10232443320843573,0.6055917470705872,0.16090171046025104,0.6280320813771518,0.35467860167650483,0.08325720313174463,0.10138400810377625,0.6282010344827587
0.42671703703703706,0.8722765177777778,0.004378791577732542,0.46890086109032636,0.5501147310861423,0.5737610850286907,0.6095938492166788,0.09461353525625618,0.06368885157135798,0.5349918181818182
0.6328664527629233,0.252368742513369,3.3222021688580085e-5,0.48683681978440563,0.02190441215370867,0.42697898621676583,0.41350619855030624,0.07397314082904413,0.14561892869182896,0.7416213043478261
0.20198683333333328,0.13308618083333335,0.10130853678841505,0.5493465490817642,0.14539415453277546,0.28311815336463225,0.15739091409620753,0,0.04971138259561555,0.6520965517241379
0.26753561111111107,0.081368929375,0.1421742810378544,0.517183211807626,0.1292502170153417,0.5161776212832551,0.49872372188484776,0.05725023972831186,0.5642907966174123,0.5965810344827586
0.5704329861111112,0.37553413645833333,0.13785067085862177,0.5823967009734142,0.29603943578947367,0.5901310641627543,0.6207825510645082,0.07764872902513349,0.10937153826958491,0.44006954545454546
0.4035137777777778,0.30100315666666666,0.3444669223473086,0.6520035857407857,0.6867954857142857,0.5449139280125196,0.5221665748068077,0.06995032307910784,0.09039046639989003,0.54572
0.6144773333333333,0.15943449,0.044933237892854715,0.5722492069464945,0.1526761941422594,0.4898474178403756,0.27774781126036013,0.08559918953812329,0.11342590792164996,0.5233206896551724
0.620468,0.5652989757777778,0.08076852814110883,0.4469265050222803,0.10879710022271714,0.5515597287428273,0.6206842452732302,0.0785517567362051,0.0865575230031698,0.7851125
0.4929305600000001,0.5116341261333334,0.17097578215227116,0.5565614488121107,0.5254466285204992,0.5716306729264475,0.5855461449308439,0.0665116281692984,0.17545179534434494,0.6202026086956521
0.5932466,0.33799471275,0.12644202846365377,0.5047801376291107,0.07976892457912457,0.5807746478873239,0.5845418511147958,0.07001487809498086,0.23254275756122966,0.6773195652173913
0.6950057324840764,0.22508775191082803,0.2193169345122242,0.6270782508716154,0.04181785431309904,0.5819652522352801,0.6231197062366606,0.09139389667126566,0.10180108744422575,0.7054407894736842
0.36070844444444444,0.6146352133333333,0.0677515524753195,0.5468460402317874,0.4402607238095238,0.5276995305164319,0.565487697086464,0.29304685264770947,0.1227858566196561,0.75
0.7584106666666667,0.2384857452419355,0.10705781544045583,0.5742508736906147,0.12077082154011848,0.5667272451915796,0.6453425418599518,0.11573485871004911,0.07950353575997486,0.6122238961038962
0.5791631333333334,0.19478028125,0.1342866147716589,0.4785215664755119,0.062304937353433835,0.4141549295774648,0.5043375869987146,0,0.0445573696632323,0.64976625
0.684920074074074,0.3253982951388889,0.06418967026063783,0.5753653517038334,0.030213274280408542,0.5511867501304122,0.5469527810441551,0.20774340208937006,0.07764999261110646,0.556115
0.6228480555555556,0.190055025625,0.03493872480583672,0.7335087018239942,0.07625346722454672,0.4641627543035994,0.4703613965042281,0.2763197390924422,0.04430068963700846,0.8460979310344827
0.5717253333333333,0.43907311666666665,0.2434128008330413,0.4742393011597216,0.4622275047619048,0.5489827856025039,0.6159052480123339,0.03924480195009754,0.08477435710144406,0.66461
0.6942004504504503,0.4139010087837838,0.07195928253503087,0.5855683195437366,0.04588621133786847,0.5487882248445629,0.6719449093858433,0.10238394935003399,0.10513646596785642,0.7576522222222222
0.09641183333333327,0.19895522333333335,0.09512594254083988,0.2958055759801267,0.1528095960948396,0.5639084507042254,0.44595276835966086,0.08304799621002748,0.04806823102428261,0.6084020689655173
0.5387285,0.27924123833333336,0.13521346177286103,0.6605253968156141,0.19832610376569038,0.5411776212832551,0.5868766388852228,0.08488798848863013,0.09494055617928455,0.6392544827586207
0.1411925,0.12974044947916666,0.1955814003198015,0.4558525776749383,0.39358377921146953,0.5407863849765259,0.5075551732277146,0.0620208635125939,0.10176679782195887,0.5833142105263158
0.5587858333333333,0.3692440223958333,0.12400053433539589,0.5175261903292054,0.18367197122807016,0.5508362676056339,0.4605730502520815,0.01237600205314698,0.0876784262699063,0.6781868181818181
0.6922478888888889,0.18047395791666668,0.054738230383957684,0.6875296338941982,0.07899919609483962,0.3679773082942097,0.18996932204094227,0.13904704474874233,0.08845429582785636,0.37433793103448276
0.4763150617283951,0.2901746462962963,0.20725244837490245,0.6905748235202764,0.4220892564102564,0.5586854460093896,0.7278277085436698,0.06981816051087808,0.11738599742764835,0.603655
0.26255555555555554,0.12615507604166667,0.19327324314190797,0.7991113731285169,0.2552433528591353,0.6434663536776213,0.35745897371885915,0.013024722248270119,0.050053088166115485,0.7753072413793104
0.6491616337285903,0.3441794013833992,0.05109784660037242,0.5565919457185537,0.03585426137566138,0.47497634025496854,0.5379511404404075,0.126959086714595,0.0925459870544891,0.125
0.6613137777777778,0.8035036766666667,0.21083442843055958,0.5023116276353876,0.7416443428571429,0.5483568075117371,0.5923346677826887,0.07087985286037689,0.16101188749828432,0.53678
0.6406415,0.18316748083333334,0.06209246284370763,0.5552190751594738,0.10634386164574616,0.38204225352112675,0.21287735983623138,0.1018990457743506,0.0613451497257005,0.3892006896551724
0.2284637222222222,0.202597975,0.1947990922768855,0.7347147422757059,0.595798831884058,0.5201291079812207,0.4675959376810422,0.07142771217979844,0.14037839664773485,0.55663
0.630715437037037,0.3149052457777778,0.10042258996104084,0.4869198505124928,0.21629974491462506,0.5308398539384455,0.6751205163567862,0.07548464747279356,0.21867887398605254,0.7011210714285714
0.6009260233918129,0.6599786888157895,0.06539479990810318,0.5014090642344747,0.3868412505139501,0.5583559838563545,0.8149507867348412,0.049650806364137254,0.0929037205018184,0.6593589285714285
0.3499781111111111,0.08647258104166666,0.09202732858694541,0.5321089494304564,0.04119379916317992,0.46684272300469487,0.16217248150139674,0,0.21648405108070734,0.760766551724138
0.58051875,0.33692764010416665,0.1085246532516431,0.6646872963669094,0.1102838282722513,0.5590766823161188,0.6496851888752684,0.0672966199783259,0.07246058446606687,0.671048695652174
0.32239572222222224,0.14638537270833332,0.1625232304043965,0.559471449829552,0.07016978131101813,0.547085289514867,0.38360715271642315,0.11868659951449269,0.0689779229839935,0.6477496551724138
0.5201266666666667,0.354487246875,0.16035759000033084,0.4993107400291581,0.26343021333333333,0.5633802816901409,0.4320251311956657,0.07768225496403487,0.17050535681207274,0.71978
0.371341277777778,0.12063783270833334,0.1551414568671096,0.720812356483741,0.24740861087866112,0.43571987480438185,0.342806071510835,0.06637404316087604,0.08311881125668426,0.4723320689655172
0.41770558558558557,0.3188334418918919,0.18503334452657202,0.6604480227786709,0.05549422648401827,0.5445374952417206,0.657684424336193,0.10606310170187552,0.0985711838187623,0.6277966666666667
0.6015552977571539,0.34905398329466353,0.12189001517516442,0.5170269301693045,0.22989249178294574,0.64103569600122,0.458365680708539,0.10686471643241614,0.1351083024557422,0.5323030188679245
0.5743636363636364,0.33012498181818184,0.16869787744166406,0.6468061777704777,0.4384527619047619,0.5723431498079385,0.5904194937826981,0.09121671177865763,0.1654193967018884,0.39892
0.41414125,0.15035906328125,0.116554139305753,0.6869180153527046,0.32307560926916223,0.500758020344288,0.44503550362335753,0.06656110400921623,0.0860380897677749,0.5538047368421053
0.3738590277777778,0.33676009765625,0.21467123496485288,0.5866686313630591,0.3477539502702703,0.5453100547730829,0.589326666833801,0,0.06847621806468189,0.6763226315789473
0.6071712777777778,0.4500296645833333,0.058687863949018336,0.5670930464891464,0.07670431743375174,0.5752151799687011,0.7317085044459339,0.07061302426513287,0.15652305548407236,0.7124413793103448
0.41701055555555555,0.604029740625,0.17712270088142595,0.5294693748393708,0.5459106014064697,0.5414123630672927,0.5852148907552865,0.06730553786877658,0.21029161227436766,0.6329337037037037
0.5632337777777778,0.3723672433333333,0.15021151765347726,0.5954619267728041,0.47483974285714287,0.5827856025039123,0.5864609390043493,0.08941760752471592,0.11563343130258404,0.50617
0.37846958333333336,0.23472871848958335,0.15858221129334307,0.6110725983887892,0.2530538108202443,0.5408108372456963,0.31251064500957626,0.06158876687783576,0.10958101823365582,0.6590513043478261
0.11156711111111109,0.35784090333333335,0.1798201271283805,0.6131306860003345,0.7096197333333334,0.5539906103286385,0.5630132377452897,0.19660035957860006,0.09394483794356505,0.61979
0.562300625,0.34251491093750003,0.01823074750938903,0.5679533478510667,0.3150480467713787,0.5700802034428795,0.43696158804276003,0.1686581420979194,0.1386643034478,0.17334913043478262
0.6237234962962963,0.6683952902222222,0.1772528524876405,0.511015138407674,0.10786092264291015,0.5586854460093896,0.6153511261194773,0.09849749563798252,0.21680084737345467,0.6980541071428571
0.6259779658500372,0.3698901338530067,0.20043184297504957,0.553987908330351,0.16595589642857142,0.549222581218566,0.5570602696208261,0.0997779611858407,0.07812931279138238,0.538095
0.4760297188755021,0.4371003559236948,1.0614083879505404e-4,0.4615257607298344,0.04392686277665996,0.4959085166958916,0.39586286687378625,0.061044124038207304,0.2263030806012257,0.7629087096774193
0.5716706666666667,0.42159319333333334,0.10957138210837301,0.44301465946800767,0.13534874482758621,0.5586854460093896,0.3944815149723886,0.11191069916154343,0.13648969959931465,0.7470433333333334
0.5686693333333334,0.7319777966666666,0.2171259263851251,0.5013254608294051,0.7158531904761904,0.5477308294209703,0.5518812636561095,0.06334767598449674,0.17183519726263316,0.4811
0.6740182113821138,0.23713813780487805,0.26070469128049606,0.8188776535310242,0.28080633,0.5457460208404901,0.508139827290658,0.1199278940597652,0.11579101044250283,0.69336
0.6866464257028112,0.47842319156626506,0.14409570481334277,0.5150000817939624,0.3130038068686869,0.5854120708184852,0.5653926488829927,0.1357863593742638,0.1584372499026018,0.130512
0.6054103333333333,0.5689640925,0.14965421293770198,0.42107187229483417,0.22379903203463206,0.5465375586854461,0.48714979549414744,0.07886412669735182,0.3742725457439219,0.7361131818181819
0.5790326388888889,0.21898478411458333,0.11956802874006256,0.6089981085646746,0.12295514904013961,0.5080447965571205,0.6019615532831367,0.03667083821684467,0.044028902938730054,0.6321269565217391
0.532291320754717,0.8657160220754717,0.0021961458528918258,0.44164629617306495,0.2353769525252525,0.5545221011604217,0.6401117543445843,0.094908569859777,0.1847312231019158,0.7664171875
0.37255812499999996,0.046629713541666666,0.08897327571785664,0.5290232769618017,0.04499520488656195,0.28308392018779344,0.12680304289704927,0.07952572651350884,0.14466869275686156,0.7009743478260869
0.620337,0.16826969354166668,0.07088491218951413,0.6869881517440756,0.12805890711297072,0.6103677621283256,0.37119514719317703,0.09353782061182336,0.12759325462126536,0.4211437931034483
0.2135571666666666,0.4700292464583333,0.12928160912026906,0.28019265974996244,0.24461325244072524,0.5754107981220657,0.36396785066628656,0.0814936584642785,0.2134411521535887,0.4783058620689655
0.5682886805555556,0.69108821015625,0.19518359310407635,0.5616534352457836,0.3604373682373473,0.5639915884194053,0.7329752112576643,0.0879095129613311,0.13953221981492162,0.488025652173913
0.6368707222222222,0.6512047072916667,0.03549222662293834,0.48914838118878845,0.22431351631799162,0.5508802816901409,0.7855015245726884,0.07631929971471824,0.13584153249576414,0.5774606896551724
0.6131579266347688,0.5729934114832536,0.07133771478919457,0.4556127160814532,0.3530718756195044,0.5704899251971157,0.7362189422066048,0.06196994090834698,0.16824105478819953,0.6356240384615385
0.5938099305555555,0.2568138703125,0.09470608517963616,0.6438467756328918,0.1834302087260035,0.5618886932707355,0.5023014072456521,0.06803719116063796,0.1695490937890552,0.5915130434782608
0.646191111111111,0.7341737233333333,0.1609686734456928,0.5191252299763928,0.6971286285714285,0.5433489827856025,0.578879045892084,0.07084010567804477,0.15348385626802297,0.64108
0.559271111111111,0.40589063000000003,0.19217007270052452,0.45035622017969407,0.2622967523809524,0.5630672926447574,0.4151830226843583,0.07871609318913865,0.16876583208602242,0.73277
0.6838457777777778,0.266731169375,0.2093758421357193,0.7352387372344845,0.15505870516039053,0.5618740219092332,0.6677787616932414,0.07321668550341719,0.1880340544910606,0.5507941379310345
0.026479305555555565,0.036611999479166664,0.02987316428080989,0.4969598973148154,0.07628926003490401,0.20075312989045382,0.10128929276249331,0.02241418326976949,0.07813917713611453,0.7177521739130435
0.44075733333333345,0.3254705033333333,0.19232608336883497,0.5574243261870354,0.5970362380952381,0.6097026604068858,0.5242807603575753,0.06660234133830936,0.061692477959667306,0.6776
0.5210410555555556,0.73180845875,0.011876313672452407,0.4882259976457243,0.7074652059523809,0.5660798122065728,0.5367868582000757,0.3010669193573377,0.052572266192202635,0.181990625
0.6522534999999999,0.401914680625,0.09939859152746544,0.5109759572838584,0.12692314476987449,0.5870892018779343,0.5418928303460149,0.07481361409763343,0.27754859044538294,0.6048610344827586
0.6134177777777777,0.6011746266666667,0.16794542205582894,0.552860595961794,0.8040528666666666,0.5492957746478874,0.5256393257275035,0,0.14499164740164655,0.66499
0.02982522222222224,0.18880384583333334,0.10013199078911594,0.5771183640839466,0.13045029540229885,0.45991784037558686,0.26942949320381127,0,0.046565217881675364,0.6471845454545454
0.3216029166666666,0.14587016380208334,0.19415512722430078,0.7383984984327178,0.2808771497382199,0.44662069640062596,0.5134666280040399,0.00238180148731468,0.04112419695210562,0.6335921739130435
0.5639205,0.4471597391666667,0.06501772417448799,0.5086766585289201,0.15123711185495117,0.5484741784037559,0.3658981347966106,0.00713404972115744,0.0747484109829521,0.645943448275862
0.668376,0.27073665270833336,0.00848745394750264,0.7115659201509733,0.06717182649930264,0.5691510172143975,0.604884974583091,0.08594625506655332,0.21353238638610314,0.6389144827586207
0.5637477777777777,0.22549328776041666,0.12399311925179797,0.6520587321535439,0.11639154554973823,0.5503472222222222,0.47060718196093293,0.023309550566193486,0.0650646528509623,0.6625243478260869
0.6844933333333332,0.1992832117647059,0.13397474695521608,0.9013674306973334,0.41833605833333337,0.5432201049433858,0.5220189850388309,0.08691585143256422,0.14030483840936664,0.44589
0.3820442361111111,0.08180389557291666,0.08627441605617395,0.663282876391076,0.12096331508771929,0.27792449139280123,0.14158682899478803,0.06770554938821614,0.08046601513446396,0.5800163636363637
0.5503665008291874,0.5597344956467661,0.13982125310050925,0.49848708442303774,0.5100748445552785,0.5929857753486091,0.547224965287221,0.0680126325644215,0.1459477503444619,0.574761
0.6199711703703704,0.5010728692222223,0.06528790765652435,0.45015983883382543,0.3288576106904232,0.525905059989567,0.6118583777760231,0,0.25965259257233536,0.57898375
0.6840996396396396,0.35079065416666666,0,0.4154159034639305,0.02926764544770504,0.47677959649790635,0.41767361351084425,0.10957804015528241,0.11055005742197872,0.7507103636363637
0.603796511954993,0.4682731654008439,0.2436407615128017,0.5095767106962382,0.2841188011299435,0.5495532972801649,0.553868059902668,0.13134946662927663,0.1936717613017765,0.2371596551724138
0.4334445390070923,0.2660218329787234,0.24007265341249168,0.8130382744771938,0.5889795014492754,0.5510937968234942,0.734128162032085,0.07272298423491638,0.1390772641135272,0.513484
0.16958618055555555,0.07427934895833334,0.20833767314345336,0.7749916319884242,0.24461818105263158,0.7349374021909233,0.2664815485593499,0.05063049876431913,0.08185944431718106,0.37667409090909093
0.6159066666666666,0.6731655866666667,0.009972402459305509,0.5282155008344714,0.34773680952380953,0.5449139280125196,0.5631425139273826,0,0.25703116120310276,0.39673
0.597127,0.5263169433333333,0.14881501759180268,0.6159615317930105,0.16392613054393304,0.5689749608763693,0.6199819294783955,0.09569000888501687,0.09404036041233747,0.47029275862068964
0.55634944,0.30516034906666667,0.05650546161660975,0.5026726511781825,0.025688299465240642,0.5117245696400625,0.4410944077933533,0.13971725695331602,0.06847036768883577,0.13301434782608695
0.6173627524575513,0.3168275198391421,0,0.4660943300261099,0.02490508494623656,0.4553361275786983,0.41388863254256153,0.0941850972708713,0.10820056771010572,0.7854897826086956
0.6383919333333333,0.437518812,0.16160898847982536,0.5473547665013453,0.02861201082910321,0.5249530516431925,0.41403407869492276,0.09580706859127996,0.07019080081968256,0.7361618181818181
0.6285671111111111,0.5323351366666667,0.11308341102442244,0.5300857621218521,0.6549239904761905,0.5712050078247262,0.5435371738502741,0.09258634947917374,0.1339770663053587,0.38284
0.6726399999999999,0.2966004277777778,0.33207920393441,0.782915861644724,0.505645,0.5492957746478874,0.5536038226053178,0.06858826943590912,0.17039141677087982,0.7095866666666667
0.5505035555555555,0.38783922458333336,0.16968797739751407,0.6659751389996411,0.5948174476190476,0.5436032863849765,0.7288299005473746,0.07110516576966132,0.11565516250430849,0.45072545454545454
0.5813272777777778,0.292723245,0.037998110779448584,0.5137972359610218,0.25078461478382147,0.5538536776212832,0.5296244919291716,0.0889448812492061,0.1652314060512425,0.5113213793103448
0.04180461111111113,0.376091291875,0.3195892417600851,0.27621586096640366,0.06482469679218968,0.5586854460093896,0.5816725813657746,0.06682444793525136,0.17395878849230198,0.7554731034482759
0.6904980645161289,0.3492054077419355,0.1833495210172469,0.6784301740500251,0.30031309298813375,0.5550658791458428,0.5954255107124229,0.13028478966764848,0.11438139920177717,0.26337105263157895
0.6213315555555555,0.4847359866666667,0.13812285613026246,0.5431626526882759,0.4245292761904762,0.6100156494522692,0.5386353985824573,0.098271394959515,0.11009054113497947,0.42593
0.6761372222222222,0.2857538779166667,0.019285163107383933,0.6225593368977216,0.10206096178521619,0.48838028169014086,0.6045926771683393,0.08921317500743083,0.09547307300842615,0.6047727586206897
0.5246965947242207,0.40132903834532374,0.05006374244829325,0.4021619560915464,0.15729454390009606,0.5413719728442598,0.36365754135065015,0.12657147754069498,0.3769692038328639,0.23666581395348837
0.6174755555555556,0.5052460958333334,0.23695356549385288,0.46401765098800213,0.3452578202898551,0.5492957746478874,0.6042984850839632,0.07077446577836598,0.09347133888064099,0.6639649999999999
0.18900427777777776,0.6141296912499999,0.035454962700238124,0.32080432404423237,0.45803724716157207,0.4875391236306729,0.5549097037437903,0.09837063799488113,0.12078811467869686,0.3421295833333333
0.6691455072463768,0.35570577888198757,0.21691877126829928,0.6820883828869486,0.2945942875,0.5486250838363514,0.590393713663469,0.08775157025734955,0.18612864890813452,0.5601552631578948
0.6361936296296297,0.09533223,0.11271605673086812,0.6151418629176486,0.1882274844840386,0.5146896191966615,0.40613513267233936,0.1275973626419524,0.1778624218595143,0.16867392857142857
0.5785997925925926,0.29263189133333334,0.164727581177224,0.5334928948356862,0.23084967661469932,0.5230151278038602,0.6646340454558912,0.07622317692088115,0.2165873082335144,0.6582478571428572
0.6249484444444444,0.31474553666666666,0.16633243398661152,0.7572523567999231,0.6910912,0.54679186228482,0.43178976752251624,0.09267899735310511,0.10146339290226707,0.18904
0.5643986666666667,0.2692635741666667,0.07234152424580216,0.5403149083909511,0.22964636150627615,0.5069444444444444,0.27060605102246843,0.07612888776479876,0.20262947975286835,0.45337344827586207
0.42069061111111117,0.1893495770833333,0.1322523275522067,0.6805701902171727,0.28970511988795516,0.5758215962441314,0.437074991664094,0.06635197797196281,0.059824024066845886,0.6664196428571428
0.668429111111111,0.8242403702083333,8.373376570124287e-5,0.38537731497716016,0.3478969026499303,0.5593114241001566,0.44727857483575206,0.129346677629241,0.07818680224517345,0.2739665517241379
0.6010266666666667,0.6145227966666666,0.19788236392985828,0.47656715480785555,0.6065388571428572,0.5586854460093896,0.7082832170404809,0.07473483089645253,0.07738840643533604,0.63825
0.665518382642998,0.32601239356508876,0.03802768233651012,0.527753463856645,0.13025244069135802,0.5689710253632247,0.5628612585972611,0.21768201053665873,0.25955555697401955,0.12521738095238094
0.6780104166666666,0.36655765535714285,0.18781338860364477,0.6083982690939754,0.30080630902311706,0.5376320422535211,0.5382804603613571,0.13988182266568192,0.1345642241924788,0.395112
0.6658915555555555,0.20684864333333336,0.26646066995450696,0.8581844698762591,0.7243556571428571,0.5486697965571206,0.6239089984816388,0.07704104312187751,0.11555989016940721,0.41725
0.12897561111111108,0.072705640625,0.10513514794968078,0.6961833014317949,0.19129011476793248,0.44262519561815333,0.36891673973191524,0.011745376600481023,0.19063521293848174,0.5579989285714286
0.5185479444444444,0.19833104812500002,0.20030175216275548,0.8493993803334109,0.4631926081575246,0.5400039123630673,0.6836693570334971,0.055984013515543565,0.08324410723266162,0.5207477777777778
0.6571784528832629,0.17394448523206751,0.08635245482225544,0.7396545137911418,0.02821010147991543,0.4939878370079832,0.4332321233046797,0.06540972336629715,0.30981896625644373,0.8105923728813559
0.6074324999999999,0.14411288770833333,0.025431202886164156,0.591654090788706,0.08514672189679219,0.36140453834115804,0.13119788417832556,0.12611326705930356,0.09127321357698522,0.3604589655172414
0.6813853748558246,0.4171771461937716,0.2241701290887251,0.5968663620838348,0.3101024449074074,0.5872443426417792,0.5567760385096007,0.0977089327978226,0.18991741744453067,0.4047948571428571
0.639388,0.62646485625,0.07909403893082341,0.5047633901811772,0.3768490019525802,0.5392996870109547,0.38063594013618823,0.07042625933218148,0.24436925980638727,0.49304275862068964
0.6477194666666667,0.6297042,0.039451120742962885,0.5023462342662021,0.41524456111111113,0.5586854460093896,0.7867529502575502,0.098295639220723,0.3120543341502727,0.48193
0.43097222222222226,0.2745068299479167,0.08771929051247197,0.6110051479894884,0.29434800219780216,0.5503227699530516,0.5902844950699848,0.06855969821282336,0.11951161720500338,0.5410446666666666
0.6268704166666667,0.41996136302083337,0.019217155737852046,0.4903324897678269,0.09192324328097731,0.5492957746478874,0.7005553963456745,0.06370252402339158,0.18929959386506523,0.6287204347826088
0.5582855,0.34939957375,0.1624466933232985,0.46994112505124586,0.21684322454672245,0.5646909233176839,0.6674315104546381,0.07953271094464716,0.1878486931758003,0.6629165517241379
0.749065641025641,0.13610154615384615,0.1339493567157865,0.6464670577248106,0.026692885333333333,0.5489346334416757,0.3607548755389178,0.1279476041203095,0.07425886286800769,0.49002
0.5620677718360071,0.1486889502673797,0.300125035620074,0.7638646103623186,0.015912246291331547,0.5384248449699982,0.35565291981822256,0.08989375670256582,0.08082068965146719,0.6870915217391305
0.5925835,0.18023416270833334,0.17276988770483398,0.7954965379870184,0.05779936624825662,0.47445226917057903,0.47559593162962593,0.08652937571278811,0.19846612781181752,0.7508941379310344
0.6952935555555555,0.20860127375,0.009702196242155832,0.5789818184069618,0.1092190220362622,0.6054968701095462,0.4307830776017616,0.3569755870305108,0.0686757172269585,0.24223793103448277
0.6471531944444444,0.6023139046875,0.10373751279745344,0.5249038992793271,0.5540112411867365,0.5658499608763694,0.451845093436429,0.08929556699981538,0.3165575028336502,0.27938391304347826
0.5420168888888889,0.20848126208333334,0.10357308614287165,0.63299544956931,0.07543166354609929,0.5564945226917059,0.42389812794474246,0.09189616263426216,0.08239512217167938,0.7126772
0.6299982222222222,0.40624470822222225,0.14790948117346978,0.47274846257121345,0.3382785339272457,0.5719457485654669,0.5707483586947443,0.09984404948421965,0.15131737639294457,0.4320001785714286
0.14028083333333333,0.16038275229166665,0.11813045661222092,0.33180927078243555,0.2387235470013947,0.5620696400625979,0.4949255068253252,0.07158311551015419,0.10332366389659026,0.6021965517241379
0.6491567576509512,0.2092007287841191,0.048799503146612785,0.5139013287099077,0.022008596683250413,0.5349433241300574,0.2749419345167503,0.11957900211138689,0.3426807546219875,0.1266502
0.8229962059620597,0.1331720674796748,0.052038132540761055,0.7496822224380562,0.14443746885245903,0.5491430970647735,0.5885029136425379,0.12426684737400855,0.050369065068087485,0.46591466666666664
0.500989,0.37082200854166664,0.18876137673777874,0.6227200019469998,0.27674734957983194,0.5617762128325509,0.6565381458710227,0.07635648320866896,0.09655906169853497,0.5393817857142857
0.6559698333333334,0.6108784677083333,0.03551489707933948,0.46309981274480805,0.1956570030683403,0.613262910798122,0.6362747418878844,0.455972584145131,0.2066468295378017,0.44555689655172415
0.6062471111111111,0.249734966875,0.11646846411902077,0.6408106920614558,0.30138871596638656,0.5647300469483568,0.5543056451261221,0.07895096439931981,0.10037962308999102,0.44318785714285713
0.5157893333333333,0.23641558666666668,0.48566874819902867,0.7619824656573259,0.43002356190476193,0.5492957746478874,0.617805341498711,0.08368508759381776,0.09681995028351058,0.64525
0.4422340084388186,0.5856669075949367,0.23668324939270236,0.4968319864198625,0.41536803906581743,0.5563380281690141,0.5530821196985122,0.21310839562302747,0.13114754755846844,0.6343657894736842
0.6461981666666666,0.34367620249999997,0.17780730674583006,0.6776085707406603,0.2617770437935844,0.5385172143974961,0.5581943532729742,0.07569222940947841,0.24821772373732823,0.47590793103448276
0.5365376111111111,0.21970903666666666,0.20133779997393805,0.7384995826899173,0.13728319776847978,0.5418427230046948,0.356294419876975,0.06684907086006357,0.05865548314004262,0.6532765517241379
0.6185010416666666,0.46518205156250003,0,0.5690802618206584,0.3725486652705061,0.5032766040688575,0.29761136571084384,0.6460943002848208,0.07526412189266898,0.12885608695652173
0.692624707070707,0.21549622340909091,0.14371387801671973,0.5924787738071616,0.07771720687910977,0.5446009389671361,0.5638932538258151,0.07147123660037671,0.07463181765006677,0.5557246341463414
0.43769386666666665,0.11185372011111111,0.10245484091777067,0.6093757383405406,0.16533971076466222,0.5053103808033386,0.3884287394075935,0.11815203239678229,0.15147872955342256,0.24697035714285714
0.5988742777777778,0.4057448247916667,0.13402811618557417,0.5327997665875056,0.32231039145299145,0.5911189358372457,0.4881411567612026,0.09206237616657527,0.13201946376833926,0.4013276
0.613952,0.6904602233333333,0.09312200577545282,0.49140490213522536,0.5912972476190477,0.5677621283255085,0.5988557828390672,0.09457057843035356,0.10755579952346674,0.31829
0.6888548888888888,0.389991614375,0.020405585422738112,0.450141171828083,0.12999760669456065,0.5625391236306729,0.4700855807941238,0.473252930746109,0.09085215689058002,0.35149758620689653
0.6756064444444444,0.542067361875,0.0015066157272826705,0.4588916544177749,0.19582702649930264,0.6396322378716744,0.5087016292525848,0.0990138909183696,0.10222880568646012,0.30202758620689657
0.7766542600896861,0.19569560358744395,0.12477012371375999,0.7039085869009093,0.04192417228464419,0.4560096002021095,0.47569509488339473,0.2758549177250828,0.09889520254676336,0.7489058181818182
0.5803045925925926,0.42771223288888893,0.23254444307052513,0.6064059037753954,0.3921433930215293,0.5485237350026083,0.6188251724915124,0.11432882297563299,0.1309222148243728,0.36869142857142856
0.48116133333333333,0.28562751999999997,0.16717789805137884,0.6956773722779253,0.3983954310734463,0.5136737089201878,0.5561916282465769,0.06927289085668019,0.15487785104265456,0.5301230769230769
0.6078313888888889,0.16352386562500001,0.09169656954823559,0.6483398440609994,0.12083628619246861,0.4651017214397496,0.2999307336961237,0.08398568395156032,0.0875409996640722,0.5443379310344828
0.2083537222222222,0.317211349375,0.09006731805719223,0.5580263396627391,0.4360768483260553,0.5463028169014085,0.60535227199304,0.06336861117001666,0.21693947178067904,0.6420615789473685
0.6425822222222222,1,0.1605412015206927,0.4593485313652463,0.804073619047619,0.5668231611893584,0.6485856687477776,0.06235293778226638,0.1456127945013659,0.62757
0.3862033333333333,0.338461509375,0.2825746382313372,0.7276162341813106,0.6440225688888889,0.5492957746478874,0.6124895973272335,0.08816218473735785,0.09266967536944952,0.40422
0.4891082777777778,0.6383409520833333,0.21812428224215216,0.5505854994466691,0.5769650279001468,0.5604851330203443,0.6589018410809712,0.08691596675144238,0.14413726718613348,0.3803594444444444
0.5120977777777778,0.33231261666666667,0.21752938911823325,0.617322127097447,0.4565810533333333,0.5560026827632462,0.7135025384342006,0.06783270986161313,0.10583453456704679,0.632395
0.33557777777777775,0.23314148,0.26930980550742445,0.7664010469803296,0.5841934000000001,0.5489827856025039,0.631918717120238,0.069735849382211,0.11760448652836261,0.41175
0.7053553914988814,0.27246280419463087,7.849394376015412e-4,0.46700001602117464,0.0331518734006734,0.43000283580678705,0.38467727269590124,0.06415990985134502,0.16244989502672175,0.7101559459459459
0.6550298989898989,0.7636544257575757,0.20960972300423739,0.49965863960002027,0.6703834791666667,0.5488689714041827,0.5668642845579343,0.06843634926160541,0.1538083109376616,0.5075000000000001
0.45750727777777783,0.154542179375,0.09804722243668076,0.4891809524504159,0.04556376736401673,0.4431338028169014,0.22908892237659417,0,0.0403713050863963,0.6813751724137931
0.2076621111111111,0.10981715291666666,0.05238890957981771,0.32914377861105065,0.11078170934449093,0.44004303599374023,0.2882482103976908,0.07694421781425739,0.05935021018029785,0.648036551724138
0.5557623333333334,0.6947608047916667,0.00689790143267033,0.5160574002061152,0.6772024545185186,0.5593896713615023,0.5621477463373082,0.13374783170703095,0.08100570535245954,0.29973176470588236
0.5636810555555556,0.22090312041666668,0.21755550137452606,0.7252988379859534,0.25849492273361224,0.5499804381846636,0.5856253204609143,0.07096554526486865,0.1130263715598449,0.5674627586206896
0.5781821666666667,0.09849516041666666,0.1737397541811465,0.7762798973035455,0.07309623585434173,0.5313967136150235,0.5048585800822339,0.09946653302297634,0.06634918684715177,0.562555
0.6586682962962963,0.3883745562222222,5.522238271790631e-4,0.4169249645563767,0.026362888789903487,0.4314762649973918,0.4404719212469751,0.0620894086936267,0.27534127588797613,0.6616657142857143
0.5380099333333334,0.19113607775,0.09467843744494776,0.7805891772359111,0.26365573132328307,0.35901408450704225,0.5076382955139026,0,0.05466209838923213,0.5464
0.42213126637554593,0.2579992419213974,0.0018949322203128008,0.5312576575871493,0.03433359066374909,0.5670500440781515,0.36643097379631717,0.0668332499829039,0.3031935554566879,0.7254356140350877
0.6429157932263815,0.21460845628342246,6.145552975432241e-4,0.4790021288279809,0.024560507953529938,0.40340438352037356,0.37325971969562366,0.07863584470405176,0.15302198878791404,0.7973658695652174
0.5085404444444445,0.5135111366666667,0.07417010379945026,0.5592952362566108,0.6414317333333334,0.5702660406885759,0.7791173884469433,0.0650332633126554,0.2408996159052679,0.46901
0.42706394444444445,0.36491459791666664,0.20014791511022517,0.6664202956932557,0.48921971295487626,0.5690532081377152,0.6049146417315017,0.08418087691537629,0.16042828192605763,0.4914
0.6290032222222222,0.27018444229166666,0.04991878875779372,0.6356725223089849,0.08419306722454672,0.49960876369327073,0.5680594485533241,0.074805269556919,0.24779995954326164,0.6725203448275863
0.6666857777777777,0.5310961597916667,0.08085113618651613,0.5361848986448093,0.17252311820728292,0.5414710485133021,0.5871930006853789,0.1033527245802106,0.12338938841888379,0.4232925
0.5878557777777778,0.88045840125,0.03789673259188409,0.4505566452748558,0.6511987917767988,0.548650234741784,0.6030009765833243,0.08866955208756945,0.10732972768372288,0.4073405882352941
0.4525746031746032,0.4241435119047619,0.2386509759198721,0.5472393382137059,0.5622387066666666,0.5472837022132797,0.6580610861521063,0.03366655526910059,0.15103804140957963,0.8042050000000001
0.5791231111111111,0.15670105104166668,0.20710077916068814,0.9015738557568627,0.25077630921985816,0.4706377151799687,0.6879922887186424,0.07276622552253226,0.11147127291254756,0.5408312
0.6530951388888888,0.48158643281249996,0.14438984605025476,0.6088830434975904,0.3416412732984293,0.5524745696400626,0.6220131743054751,0.0871900966083912,0.10329840730865575,0.374615652173913
0.3531443184079602,0.6040641595522388,0.13824525349465322,0.48252349193629296,0.29042165668662673,0.5234111134468502,0.5340328191372798,0.13627310863244463,0.19395661029375003,0.4172173170731707
0.6480827777777778,0.404700316875,0.045759435087864155,0.5015750363926023,0.23105005969316597,0.569679186228482,0.3543660752415812,0.35596660086655735,0.31198504615306805,0.2151248275862069
0.2523388764044943,0.2647391124398074,0.04103636871315481,0.45198770348538364,0.10778431382636657,0.49408812425112475,0.5207933959554656,0.08927911295023457,0.21376635849005476,0.49960532467532465
0.6499543333333333,0.11391277125,0.014796025057956338,0.5052287383979824,0.07326116652719665,0.3691901408450704,0.14810417452310198,0.11000648893377295,0.14506869266254582,0.3911686206896552
0.6190293333333333,0.41964326333333335,0.10713479024565206,0.5819292313334259,0.6890604095238095,0.561189358372457,0.5763837299764558,0.0832935427138872,0.0895832832870737,0.25874
0.6429647777777777,0.21914790020833333,0.05094699338303637,0.5686040933860649,0.09861629958158995,0.5607981220657278,0.5134063856946056,0.09168687819081982,0.10316021905960686,0.5900334482758621
0.6248375903614458,0.417809547188755,0.15091993090883607,0.4973664784944272,0.04981455698924731,0.5183551105831778,0.5847141589424352,0.09507228108421725,0.11842263446309613,0.6641683333333334
0.6159270822041554,0.5085513379403794,0.0719193319503879,0.5009321078340682,0.3763833833333333,0.5700090334236676,0.7448600064751377,0.06580552429651353,0.1745437214118925,0.6050466666666666
0.530950303030303,0.20658613636363637,0.37843686745708527,0.8003410951048937,0.24446408,0.5446009389671361,0.5181173989779795,0.08512051890475136,0.21932087976133435,0.66291
0.4816459523809524,0.24773841607142857,0.15668660110029844,0.5455871319832517,0.3859944,0.6018611670020121,0.41739140781493345,0.0648440889407682,0.08838302440361022,0.5309516666666667
0.638998074074074,0.61552325,0.05491708369679207,0.44621008077717456,0.2861677199703044,0.5589149713093375,0.5629593566603798,0.09051031639964263,0.16377264035581235,0.74025875
0.6123786666666666,0.6696899333333334,0.18669666187359593,0.531891175755654,0.696131019047619,0.5492957746478874,0.5399585327499128,0,0.15777519872813273,0.7671
0.531394,0.09083057416666666,0.0012026383631194904,0.4512300679630055,0.07423553361227336,0.5753912363067293,0.05688362771072232,0.0912877218511064,0.06030599678897116,0.5929668965517242
0.6126132638888889,0.324159059375,0.07999009460082261,0.603872573573901,0.17005398947368422,0.5513008607198748,0.3759807526780399,0.0697589308134705,0.0647888541803893,0.6485286363636363
0.5851579851851851,0.4793540771111111,0.1345718631942234,0.46636659267069375,0.3359139115070527,0.5548774126238915,0.7705068738859444,0.08007815079828504,0.06538587676043248,0.6533792857142857
0.5718022222222222,0.6244104364583334,0.010058792566992278,0.49148048934940475,0.17371422338568937,0.5491735133020345,0.48873403136500293,0.06810495703544346,0.197373124815213,0.6798221739130434
0.28166399999999997,0.49059488458333333,0.1653521335184329,0.28317921617800024,0.22352724965132498,0.5765453834115806,0.42368492037969085,0.46805670157181833,0.13539979499004107,0.4028644827586207
0.5213244444444445,0.3247679916666667,0.04797072300459085,0.6623675116329713,0.29721400683760685,0.5574139280125195,0.46993270088668937,0.06596858318937587,0.06407847919436627,0.6260762962962962
0.6221795555555555,0.6001151266666667,0.09680359209354814,0.4825969732890519,0.6042500285714286,0.568075117370892,0.5352866472649935,0.09178841635825849,0.13550454437249,0.32922
0.5962025694444444,0.168335134375,0.1554242649389465,0.8296485707840249,0.14373936893542757,0.493202269170579,0.5663073829351918,0.06720906617315328,0.12854269483688352,0.6030134782608696
0.6072198217468806,0.5194234344919786,0.10442084300467099,0.5403219167104851,0.33011048100358426,0.548166001355728,0.6842103142287055,0.07513165502344638,0.09121923117372197,0.6113682608695652
0.6675755555555555,0.28008229114583333,0.008584478069181618,0.5426160130455279,0.24994437835951133,0.6036531690140845,0.2667724527875865,0.38187860002820545,0.07579355634449872,0.16969565217391303
0.712248200312989,0.33075868215962445,0.15341036524085874,0.5586182803832576,0.10983869496855346,0.5446009389671361,0.6590289838163861,0.08907683934463334,0.1328994053481836,0.5904561538461538
0.3176363555555555,0.55461565,0.005930788913021947,0.5695789436174082,0.4397373481811433,0.5607720396452791,0.46142815964562567,0.08966746286393544,0.10266561450389429,0.6577353571428571
0.5124942222222223,0.34079641,0.08459152298869381,0.6003524584482958,0.6123837142857144,0.606885758998435,0.4624886151727641,0.09021243785819923,0.08296377942985327,0.1421
0.6594219431988042,0.37037947488789236,0.17510187855777506,0.6193907517953117,0.2720512353558052,0.5742226152129518,0.531932030910898,0.09473992453930388,0.1609164594689682,0.3772572727272727
0.3721598898071625,0.30688923801652895,0.24595094549151025,0.6889802334942015,0.24584221444444446,0.5482481666860668,0.5231126887247848,0.0942561783671224,0.1481849478809493,0.5667053333333334
0.6350472777777778,0.46318671854166665,0.004920762205429753,0.4949017729681039,0.1475619230125523,0.6384780907668232,0.3516235973921662,0.09436155887815943,0.15719157635574646,0.5526
0.643511111111111,0.22015852395833335,0.15513728138571925,0.7833217846492294,0.17044594485165795,0.564529538341158,0.4652553576206126,0.08784147882744567,0.1272913766236085,0.4536808695652174
0.26176633333333327,0.29215293583333335,0.12711878282829928,0.5382282216148241,0.23917021143654113,0.6054381846635367,0.6908778773603965,0.08045565842213447,0.09219777932140225,0.6555479310344827
0.5233438194444445,0.21054966822916668,0.11818424113115021,0.6097166603338428,0.08794470366492146,0.5384878716744914,0.6592270836947374,0.0666122355168582,0.35351478223323995,0.7170526086956521
0.4832438333333334,0.33718265729166663,0.20005493630243826,0.5751398608334862,0.3122562454672245,0.5142605633802817,0.5288303475997553,0.06136690263248064,0.12846366973211606,0.6029113793103449
0.6338888888888888,0.5664393866666667,0.12348311258958958,0.5074407835524674,0.46621491428571427,0.5712050078247262,0.7932287405260915,0.078546063291703,0.1250975824845023,0.39223
