ID,ID_USER,TEST_DATE,MOS,MOS_MAX,ID_FILE,ID_TEST,TEST_NUMBER
22402,286,"2018-12-05 10:32:26",3,5,946,90,1
22403,286,"2018-12-05 10:32:29",5,5,941,90,1
22404,286,"2018-12-05 10:32:35",2,5,1005,90,1
22405,286,"2018-12-05 10:32:40",3,5,967,90,1
22406,286,"2018-12-05 10:32:43",2,5,1007,90,1
22407,286,"2018-12-05 10:32:48",1,5,957,90,1
22408,286,"2018-12-05 10:32:53",2,5,962,90,1
22409,286,"2018-12-05 10:32:58",2,5,950,90,1
22410,286,"2018-12-05 10:33:06",3,5,988,90,1
22411,286,"2018-12-05 10:33:09",2,5,968,90,1
22412,286,"2018-12-05 10:33:20",3,5,999,90,1
22413,286,"2018-12-05 10:33:31",3,5,1004,90,1
22414,286,"2018-12-05 10:33:34",2,5,929,90,1
22415,286,"2018-12-05 10:33:40",5,5,1014,90,1
22416,286,"2018-12-05 10:33:49",4,5,1024,90,1
22417,286,"2018-12-05 10:34:02",5,5,936,90,1
22418,286,"2018-12-05 10:34:05",3,5,965,90,1
22419,286,"2018-12-05 10:34:11",3,5,951,90,1
22420,286,"2018-12-05 10:34:15",4,5,956,90,1
22421,286,"2018-12-05 10:34:19",2,5,1018,90,1
22422,286,"2018-12-05 10:34:24",1,5,939,90,1
22423,286,"2018-12-05 10:34:29",1,5,989,90,1
22424,286,"2018-12-05 10:34:36",3,5,944,90,1
22425,286,"2018-12-05 10:34:40",3,5,948,90,1
22426,286,"2018-12-05 10:34:47",4,5,973,90,1
22427,286,"2018-12-05 10:34:52",5,5,1019,90,1
22428,286,"2018-12-05 10:34:57",4,5,992,90,1
22429,286,"2018-12-05 10:34:59",1,5,928,90,1
22430,286,"2018-12-05 10:35:07",5,5,976,90,1
22431,286,"2018-12-05 10:35:10",1,5,996,90,1
22432,286,"2018-12-05 10:35:15",4,5,974,90,1
22433,286,"2018-12-05 10:35:20",2,5,954,90,1
22434,286,"2018-12-05 10:35:23",1,5,995,90,1
22435,286,"2018-12-05 10:35:30",5,5,986,90,1
22436,286,"2018-12-05 10:35:34",5,5,1027,90,1
22437,286,"2018-12-05 10:35:37",5,5,979,90,1
22438,286,"2018-12-05 10:35:45",5,5,969,90,1
22439,286,"2018-12-05 10:35:53",4,5,1002,90,1
22440,286,"2018-12-05 10:35:58",4,5,1023,90,1
22441,286,"2018-12-05 10:36:00",1,5,1015,90,1
22442,414,"2018-12-06 13:20:13",2,5,928,90,1
22443,414,"2018-12-06 13:20:19",4,5,1024,90,1
22445,414,"2018-12-06 13:20:24",1,5,931,90,1
22447,414,"2018-12-06 13:20:29",5,5,1027,90,1
22449,414,"2018-12-06 13:20:32",1,5,971,90,1
22451,414,"2018-12-06 13:20:35",1,5,949,90,1
22452,414,"2018-12-06 13:20:37",1,5,960,90,1
22454,414,"2018-12-06 13:20:40",2,5,977,90,1
22456,414,"2018-12-06 13:20:43",2,5,997,90,1
22457,414,"2018-12-06 13:20:48",3,5,994,90,1
22458,414,"2018-12-06 13:20:59",2,5,939,90,1
22459,414,"2018-12-06 13:21:02",2,5,995,90,1
22460,414,"2018-12-06 13:21:06",4,5,1022,90,1
22461,414,"2018-12-06 13:21:10",1,5,975,90,1
22462,414,"2018-12-06 13:21:14",2,5,1005,90,1
22463,414,"2018-12-06 13:21:19",4,5,1012,90,1
22464,414,"2018-12-06 13:21:23",2,5,968,90,1
22465,414,"2018-12-06 13:21:27",2,5,970,90,1
22467,414,"2018-12-06 13:21:32",5,5,986,90,1
22469,414,"2018-12-06 13:21:38",5,5,937,90,1
22472,414,"2018-12-06 13:21:50",4,5,1026,90,1
22474,414,"2018-12-06 13:21:53",2,5,933,90,1
22476,414,"2018-12-06 13:21:56",5,5,991,90,1
22477,414,"2018-12-06 13:22:00",5,5,1019,90,1
22478,414,"2018-12-06 13:22:04",2,5,951,90,1
22479,414,"2018-12-06 13:22:08",2,5,1018,90,1
22481,414,"2018-12-06 13:22:11",1,5,926,90,1
22482,414,"2018-12-06 13:22:14",5,5,1014,90,1
22484,414,"2018-12-06 13:22:17",1,5,996,90,1
22486,414,"2018-12-06 13:22:22",5,5,967,90,1
22488,414,"2018-12-06 13:22:24",1,5,989,90,1
22493,414,"2018-12-06 13:22:47",5,5,992,90,1
22498,414,"2018-12-06 13:22:52",2,5,954,90,1
22500,414,"2018-12-06 13:22:57",2,5,1015,90,1
22503,414,"2018-12-06 13:23:00",1,5,957,90,1
22504,414,"2018-12-06 13:23:03",5,5,1010,90,1
22506,414,"2018-12-06 13:23:06",4,5,956,90,1
22543,418,"2018-12-06 13:30:11",2,5,1008,90,1
22545,418,"2018-12-06 13:30:18",3,5,967,90,1
22547,416,"2018-12-06 13:30:22",1,5,959,90,1
22548,418,"2018-12-06 13:30:22",5,5,969,90,1
22549,417,"2018-12-06 13:30:22",3,5,998,90,1
22550,416,"2018-12-06 13:30:24",1,5,1016,90,1
22551,417,"2018-12-06 13:30:25",4,5,1027,90,1
22552,418,"2018-12-06 13:30:26",3,5,933,90,1
22553,416,"2018-12-06 13:30:27",1,5,953,90,1
22554,417,"2018-12-06 13:30:29",3,5,964,90,1
22555,418,"2018-12-06 13:30:30",2,5,932,90,1
22556,416,"2018-12-06 13:30:30",2,5,951,90,1
22557,419,"2018-12-06 13:30:30",1,5,1006,90,1
22558,417,"2018-12-06 13:30:31",1,5,975,90,1
22559,416,"2018-12-06 13:30:33",1,5,996,90,1
22560,417,"2018-12-06 13:30:35",3,5,967,90,1
22561,418,"2018-12-06 13:30:35",5,5,941,90,1
22562,416,"2018-12-06 13:30:36",2,5,983,90,1
22563,419,"2018-12-06 13:30:38",3,5,1021,90,1
22564,417,"2018-12-06 13:30:40",3,5,1026,90,1
22565,418,"2018-12-06 13:30:40",2,5,957,90,1
22566,417,"2018-12-06 13:30:42",1,5,989,90,1
22567,416,"2018-12-06 13:30:43",1,5,1008,90,1
22568,419,"2018-12-06 13:30:43",3,5,1024,90,1
22569,418,"2018-12-06 13:30:46",4,5,956,90,1
22570,419,"2018-12-06 13:30:46",1,5,975,90,1
22571,417,"2018-12-06 13:30:46",3,5,936,90,1
22572,416,"2018-12-06 13:30:47",2,5,933,90,1
22573,419,"2018-12-06 13:30:48",1,5,993,90,1
22574,418,"2018-12-06 13:30:49",2,5,978,90,1
22575,416,"2018-12-06 13:30:50",2,5,1003,90,1
22576,418,"2018-12-06 13:30:52",2,5,995,90,1
22577,419,"2018-12-06 13:30:52",4,5,1002,90,1
22578,416,"2018-12-06 13:30:54",3,5,998,90,1
22579,418,"2018-12-06 13:30:54",1,5,926,90,1
22580,419,"2018-12-06 13:30:56",4,5,961,90,1
22581,417,"2018-12-06 13:30:56",3,5,980,90,1
22582,418,"2018-12-06 13:30:57",1,5,1015,90,1
22583,416,"2018-12-06 13:30:57",3,5,1012,90,1
22584,417,"2018-12-06 13:30:58",2,5,942,90,1
22585,419,"2018-12-06 13:30:58",2,5,1010,90,1
22586,416,"2018-12-06 13:31:00",2,5,935,90,1
22587,417,"2018-12-06 13:31:00",3,5,987,90,1
22588,419,"2018-12-06 13:31:01",2,5,1016,90,1
22589,418,"2018-12-06 13:31:03",3,5,955,90,1
22590,417,"2018-12-06 13:31:03",3,5,1003,90,1
22591,416,"2018-12-06 13:31:03",3,5,999,90,1
22592,420,"2018-12-06 13:31:04",2,5,955,90,1
22593,419,"2018-12-06 13:31:05",3,5,963,90,1
22594,417,"2018-12-06 13:31:06",2,5,953,90,1
22595,416,"2018-12-06 13:31:07",3,5,1022,90,1
22596,418,"2018-12-06 13:31:07",5,5,999,90,1
22597,420,"2018-12-06 13:31:08",2,5,931,90,1
22598,419,"2018-12-06 13:31:08",2,5,1018,90,1
22599,417,"2018-12-06 13:31:09",3,5,999,90,1
22600,419,"2018-12-06 13:31:10",2,5,952,90,1
22601,418,"2018-12-06 13:31:10",4,5,934,90,1
22602,416,"2018-12-06 13:31:11",3,5,987,90,1
22603,420,"2018-12-06 13:31:11",1,5,1001,90,1
22604,417,"2018-12-06 13:31:12",3,5,927,90,1
22605,418,"2018-12-06 13:31:13",3,5,950,90,1
22606,416,"2018-12-06 13:31:13",2,5,944,90,1
22607,419,"2018-12-06 13:31:14",4,5,974,90,1
22608,417,"2018-12-06 13:31:14",3,5,973,90,1
22609,420,"2018-12-06 13:31:15",4,5,991,90,1
22610,419,"2018-12-06 13:31:17",2,5,932,90,1
22611,416,"2018-12-06 13:31:17",3,5,936,90,1
22612,418,"2018-12-06 13:31:17",5,5,992,90,1
22613,417,"2018-12-06 13:31:18",4,5,1022,90,1
22614,417,"2018-12-06 13:31:20",1,5,985,90,1
22615,420,"2018-12-06 13:31:22",4,5,1014,90,1
22616,418,"2018-12-06 13:31:22",2,5,1005,90,1
22617,419,"2018-12-06 13:31:23",4,5,998,90,1
22618,416,"2018-12-06 13:31:24",3,5,956,90,1
22619,417,"2018-12-06 13:31:24",3,5,1020,90,1
22620,418,"2018-12-06 13:31:24",3,5,948,90,1
22621,420,"2018-12-06 13:31:26",3,5,956,90,1
22622,419,"2018-12-06 13:31:26",1,5,1008,90,1
22623,417,"2018-12-06 13:31:26",4,5,1019,90,1
22624,416,"2018-12-06 13:31:26",4,5,1014,90,1
22625,418,"2018-12-06 13:31:28",4,5,958,90,1
22626,420,"2018-12-06 13:31:29",1,5,977,90,1
22627,416,"2018-12-06 13:31:29",1,5,939,90,1
22628,419,"2018-12-06 13:31:29",4,5,1019,90,1
22629,418,"2018-12-06 13:31:30",2,5,997,90,1
22630,421,"2018-12-06 13:31:30",3,5,1013,90,1
22631,416,"2018-12-06 13:31:31",1,5,1001,90,1
22632,417,"2018-12-06 13:31:31",2,5,935,90,1
22633,418,"2018-12-06 13:31:32",1,5,960,90,1
22634,420,"2018-12-06 13:31:32",2,5,945,90,1
22635,419,"2018-12-06 13:31:33",3,5,948,90,1
22636,417,"2018-12-06 13:31:33",1,5,1015,90,1
22637,421,"2018-12-06 13:31:33",3,5,1024,90,1
22638,416,"2018-12-06 13:31:34",5,5,1027,90,1
22639,418,"2018-12-06 13:31:34",5,5,937,90,1
22640,417,"2018-12-06 13:31:35",1,5,1001,90,1
22641,420,"2018-12-06 13:31:35",1,5,1015,90,1
22642,421,"2018-12-06 13:31:36",1,5,978,90,1
22643,416,"2018-12-06 13:31:37",1,5,995,90,1
22644,419,"2018-12-06 13:31:37",2,5,968,90,1
22645,417,"2018-12-06 13:31:38",3,5,940,90,1
22646,421,"2018-12-06 13:31:39",2,5,1000,90,1
22647,420,"2018-12-06 13:31:39",2,5,933,90,1
22648,418,"2018-12-06 13:31:39",3,5,1017,90,1
22649,419,"2018-12-06 13:31:40",2,5,995,90,1
22650,416,"2018-12-06 13:31:40",2,5,940,90,1
22651,417,"2018-12-06 13:31:41",1,5,996,90,1
22652,418,"2018-12-06 13:31:41",3,5,1007,90,1
22653,419,"2018-12-06 13:31:42",1,5,985,90,1
22654,421,"2018-12-06 13:31:42",3,5,942,90,1
22655,416,"2018-12-06 13:31:43",2,5,966,90,1
22656,417,"2018-12-06 13:31:44",3,5,951,90,1
22657,418,"2018-12-06 13:31:44",4,5,966,90,1
22658,419,"2018-12-06 13:31:45",4,5,1014,90,1
22659,420,"2018-12-06 13:31:45",4,5,1026,90,1
22660,417,"2018-12-06 13:31:46",2,5,954,90,1
22661,416,"2018-12-06 13:31:47",4,5,1021,90,1
22662,418,"2018-12-06 13:31:47",5,5,986,90,1
22663,424,"2018-12-06 13:31:47",2,5,979,90,1
22664,417,"2018-12-06 13:31:48",1,5,928,90,1
22665,420,"2018-12-06 13:31:49",3,5,1004,90,1
22666,419,"2018-12-06 13:31:49",3,5,945,90,1
22667,416,"2018-12-06 13:31:50",2,5,954,90,1
22668,417,"2018-12-06 13:31:50",2,5,949,90,1
22669,424,"2018-12-06 13:31:50",2,5,965,90,1
22670,419,"2018-12-06 13:31:51",4,5,956,90,1
22671,416,"2018-12-06 13:31:52",1,5,930,90,1
22672,420,"2018-12-06 13:31:52",1,5,990,90,1
22673,424,"2018-12-06 13:31:52",1,5,928,90,1
22674,417,"2018-12-06 13:31:54",2,5,925,90,1
22675,416,"2018-12-06 13:31:55",4,5,961,90,1
22676,418,"2018-12-06 13:31:55",5,5,973,90,1
22677,420,"2018-12-06 13:31:55",2,5,947,90,1
22678,424,"2018-12-06 13:31:55",3,5,1027,90,1
22679,419,"2018-12-06 13:31:56",4,5,999,90,1
22680,421,"2018-12-06 13:31:57",4,5,998,90,1
22681,417,"2018-12-06 13:31:58",2,5,1007,90,1
22682,418,"2018-12-06 13:31:58",4,5,976,90,1
22683,420,"2018-12-06 13:31:58",1,5,972,90,1
22684,416,"2018-12-06 13:31:58",4,5,1024,90,1
22685,424,"2018-12-06 13:31:58",2,5,1007,90,1
22686,419,"2018-12-06 13:31:59",2,5,997,90,1
22687,421,"2018-12-06 13:31:59",1,5,1006,90,1
22688,417,"2018-12-06 13:32:00",2,5,962,90,1
22689,418,"2018-12-06 13:32:01",4,5,961,90,1
22690,424,"2018-12-06 13:32:01",2,5,963,90,1
22691,416,"2018-12-06 13:32:01",1,5,968,90,1
22692,420,"2018-12-06 13:32:02",5,5,961,90,1
22693,419,"2018-12-06 13:32:02",3,5,1013,90,1
22694,424,"2018-12-06 13:32:03",1,5,960,90,1
22695,416,"2018-12-06 13:32:04",1,5,984,90,1
22696,417,"2018-12-06 13:32:04",5,5,1021,90,1
22697,424,"2018-12-06 13:32:04",1,5,949,90,1
22698,416,"2018-12-06 13:32:06",1,5,972,90,1
22699,419,"2018-12-06 13:32:07",2,5,1005,90,1
22700,417,"2018-12-06 13:32:07",4,5,1024,90,1
22701,420,"2018-12-06 13:32:08",4,5,940,90,1
22702,424,"2018-12-06 13:32:08",3,5,1009,90,1
22703,418,"2018-12-06 13:32:09",2,5,972,90,1
22704,419,"2018-12-06 13:32:09",1,5,928,90,1
22705,416,"2018-12-06 13:32:09",1,5,1017,90,1
22706,417,"2018-12-06 13:32:09",2,5,997,90,1
22707,420,"2018-12-06 13:32:10",1,5,975,90,1
22708,421,"2018-12-06 13:32:11",1,5,1016,90,1
22709,424,"2018-12-06 13:32:11",3,5,934,90,1
22710,417,"2018-12-06 13:32:11",2,5,946,90,1
22711,416,"2018-12-06 13:32:12",1,5,943,90,1
22712,418,"2018-12-06 13:32:12",3,5,1025,90,1
22713,419,"2018-12-06 13:32:12",2,5,944,90,1
22714,424,"2018-12-06 13:32:13",2,5,927,90,1
22715,417,"2018-12-06 13:32:14",4,5,941,90,1
22716,421,"2018-12-06 13:32:14",1,5,949,90,1
22717,419,"2018-12-06 13:32:14",2,5,972,90,1
22718,418,"2018-12-06 13:32:14",4,5,994,90,1
22719,416,"2018-12-06 13:32:15",2,5,946,90,1
22720,417,"2018-12-06 13:32:15",1,5,943,90,1
22721,420,"2018-12-06 13:32:15",2,5,984,90,1
22722,419,"2018-12-06 13:32:16",1,5,989,90,1
22723,416,"2018-12-06 13:32:17",1,5,928,90,1
22724,418,"2018-12-06 13:32:18",3,5,1003,90,1
22725,417,"2018-12-06 13:32:18",4,5,991,90,1
22726,424,"2018-12-06 13:32:18",1,5,932,90,1
22727,419,"2018-12-06 13:32:18",4,5,1027,90,1
22728,421,"2018-12-06 13:32:18",3,5,955,90,1
22729,420,"2018-12-06 13:32:19",3,5,974,90,1
22730,416,"2018-12-06 13:32:20",1,5,1006,90,1
22731,417,"2018-12-06 13:32:21",1,5,993,90,1
22732,424,"2018-12-06 13:32:21",3,5,973,90,1
22733,421,"2018-12-06 13:32:22",2,5,1010,90,1
22734,416,"2018-12-06 13:32:22",2,5,955,90,1
22735,420,"2018-12-06 13:32:22",2,5,1020,90,1
22736,419,"2018-12-06 13:32:23",4,5,982,90,1
22737,424,"2018-12-06 13:32:25",4,5,937,90,1
22738,418,"2018-12-06 13:32:25",5,5,987,90,1
22739,421,"2018-12-06 13:32:26",3,5,984,90,1
22740,416,"2018-12-06 13:32:26",2,5,1020,90,1
22741,420,"2018-12-06 13:32:26",2,5,957,90,1
22742,418,"2018-12-06 13:32:27",5,5,1014,90,1
22743,419,"2018-12-06 13:32:28",2,5,962,90,1
22744,424,"2018-12-06 13:32:28",1,5,996,90,1
22745,419,"2018-12-06 13:32:30",2,5,935,90,1
22746,424,"2018-12-06 13:32:30",2,5,1017,90,1
22747,421,"2018-12-06 13:32:31",4,5,1021,90,1
22748,418,"2018-12-06 13:32:31",5,5,1012,90,1
22749,424,"2018-12-06 13:32:33",2,5,951,90,1
22750,418,"2018-12-06 13:32:33",1,5,975,90,1
22751,419,"2018-12-06 13:32:33",2,5,927,90,1
22752,420,"2018-12-06 13:32:33",2,5,965,90,1
22753,421,"2018-12-06 13:32:33",1,5,1008,90,1
22754,418,"2018-12-06 13:32:35",5,5,991,90,1
22755,419,"2018-12-06 13:32:36",3,5,946,90,1
22756,421,"2018-12-06 13:32:36",2,5,1018,90,1
22757,420,"2018-12-06 13:32:36",2,5,968,90,1
22758,418,"2018-12-06 13:32:37",2,5,1006,90,1
22759,419,"2018-12-06 13:32:38",4,5,940,90,1
22760,424,"2018-12-06 13:32:39",4,5,974,90,1
22761,420,"2018-12-06 13:32:40",4,5,1022,90,1
22762,419,"2018-12-06 13:32:40",5,5,967,90,1
22763,424,"2018-12-06 13:32:41",1,5,985,90,1
22764,421,"2018-12-06 13:32:43",4,5,991,90,1
22765,424,"2018-12-06 13:32:43",2,5,1004,90,1
22766,420,"2018-12-06 13:32:44",4,5,1024,90,1
22767,424,"2018-12-06 13:32:47",3,5,1026,90,1
22768,421,"2018-12-06 13:32:47",4,5,967,90,1
22769,420,"2018-12-06 13:32:48",5,5,937,90,1
22770,424,"2018-12-06 13:32:49",1,5,1008,90,1
22771,421,"2018-12-06 13:32:50",4,5,940,90,1
22772,423,"2018-12-06 13:32:51",3,5,1013,90,1
22773,424,"2018-12-06 13:32:52",2,5,1024,90,1
22774,421,"2018-12-06 13:32:53",5,5,1012,90,1
22775,424,"2018-12-06 13:32:55",2,5,933,90,1
22776,421,"2018-12-06 13:32:55",1,5,972,90,1
22777,423,"2018-12-06 13:32:56",2,5,925,90,1
22778,424,"2018-12-06 13:32:57",2,5,959,90,1
22779,420,"2018-12-06 13:32:57",2,5,1000,90,1
22780,421,"2018-12-06 13:32:58",2,5,939,90,1
22781,424,"2018-12-06 13:33:00",2,5,962,90,1
22782,421,"2018-12-06 13:33:02",5,5,1014,90,1
22783,424,"2018-12-06 13:33:02",2,5,970,90,1
22784,423,"2018-12-06 13:33:02",3,5,966,90,1
22785,420,"2018-12-06 13:33:04",4,5,987,90,1
22786,421,"2018-12-06 13:33:05",4,5,956,90,1
22787,423,"2018-12-06 13:33:06",1,5,972,90,1
22788,420,"2018-12-06 13:33:07",2,5,925,90,1
22789,421,"2018-12-06 13:33:08",1,5,943,90,1
22790,420,"2018-12-06 13:33:10",1,5,985,90,1
22791,424,"2018-12-06 13:33:12",3,5,987,90,1
22792,423,"2018-12-06 13:33:12",5,5,942,90,1
22793,420,"2018-12-06 13:33:13",1,5,989,90,1
22794,421,"2018-12-06 13:33:14",4,5,963,90,1
22795,424,"2018-12-06 13:33:15",3,5,1011,90,1
22796,420,"2018-12-06 13:33:16",1,5,993,90,1
22797,424,"2018-12-06 13:33:17",2,5,945,90,1
22798,423,"2018-12-06 13:33:17",3,5,927,90,1
22799,420,"2018-12-06 13:33:23",5,5,942,90,1
22800,424,"2018-12-06 13:33:23",2,5,997,90,1
22801,423,"2018-12-06 13:33:25",3,5,988,90,1
22802,424,"2018-12-06 13:33:26",3,5,998,90,1
22803,420,"2018-12-06 13:33:26",2,5,946,90,1
22804,424,"2018-12-06 13:33:28",2,5,1020,90,1
22805,423,"2018-12-06 13:33:29",1,5,939,90,1
22806,420,"2018-12-06 13:33:29",1,5,978,90,1
22807,424,"2018-12-06 13:33:32",4,5,938,90,1
22808,420,"2018-12-06 13:33:32",3,5,951,90,1
22809,423,"2018-12-06 13:33:33",1,5,985,90,1
22810,420,"2018-12-06 13:33:35",1,5,971,90,1
22811,422,"2018-12-06 13:33:36",1,5,990,90,1
22812,421,"2018-12-06 13:33:36",3,5,988,90,1
22813,424,"2018-12-06 13:33:36",4,5,986,90,1
22814,420,"2018-12-06 13:33:37",1,5,960,90,1
22815,422,"2018-12-06 13:33:40",2,5,957,90,1
22816,420,"2018-12-06 13:33:41",1,5,939,90,1
22817,421,"2018-12-06 13:33:41",2,5,953,90,1
22818,424,"2018-12-06 13:33:44",4,5,969,90,1
22819,422,"2018-12-06 13:33:44",2,5,1005,90,1
22820,421,"2018-12-06 13:33:45",4,5,983,90,1
22821,423,"2018-12-06 13:33:46",4,5,994,90,1
22822,422,"2018-12-06 13:33:48",3,5,992,90,1
22823,421,"2018-12-06 13:33:50",3,5,1009,90,1
22824,422,"2018-12-06 13:33:51",2,5,968,90,1
22825,423,"2018-12-06 13:33:51",3,5,947,90,1
22826,424,"2018-12-06 13:33:52",4,5,980,90,1
22827,422,"2018-12-06 13:33:55",3,5,1023,90,1
22828,423,"2018-12-06 13:33:56",1,5,1006,90,1
22829,421,"2018-12-06 13:33:56",4,5,941,90,1
22830,424,"2018-12-06 13:33:57",2,5,946,90,1
22831,424,"2018-12-06 13:33:59",1,5,939,90,1
22832,422,"2018-12-06 13:34:00",4,5,974,90,1
22833,421,"2018-12-06 13:34:00",4,5,979,90,1
22834,423,"2018-12-06 13:34:00",1,5,930,90,1
22835,422,"2018-12-06 13:34:02",2,5,946,90,1
22836,421,"2018-12-06 13:34:03",3,5,944,90,1
22837,424,"2018-12-06 13:34:03",4,5,1025,90,1
22838,422,"2018-12-06 13:34:04",2,5,944,90,1
22839,423,"2018-12-06 13:34:06",2,5,1003,90,1
22840,421,"2018-12-06 13:34:06",3,5,947,90,1
22841,421,"2018-12-06 13:34:09",5,5,938,90,1
22842,422,"2018-12-06 13:34:10",3,5,987,90,1
22843,423,"2018-12-06 13:34:12",2,5,984,90,1
22844,421,"2018-12-06 13:34:12",1,5,996,90,1
22845,422,"2018-12-06 13:34:13",4,5,942,90,1
22846,421,"2018-12-06 13:34:15",5,5,974,90,1
22847,422,"2018-12-06 13:34:16",1,5,981,90,1
22848,421,"2018-12-06 13:34:17",2,5,1015,90,1
22849,423,"2018-12-06 13:34:18",4,5,1012,90,1
22850,422,"2018-12-06 13:34:19",2,5,970,90,1
22851,421,"2018-12-06 13:34:20",5,5,987,90,1
22852,422,"2018-12-06 13:34:21",4,5,1026,90,1
22853,421,"2018-12-06 13:34:23",3,5,946,90,1
22854,423,"2018-12-06 13:34:23",1,5,949,90,1
22855,422,"2018-12-06 13:34:23",1,5,928,90,1
22856,421,"2018-12-06 13:34:26",5,5,934,90,1
22857,422,"2018-12-06 13:34:27",5,5,1014,90,1
22858,423,"2018-12-06 13:34:29",4,5,969,90,1
22859,422,"2018-12-06 13:34:30",5,5,994,90,1
22860,422,"2018-12-06 13:34:32",5,5,937,90,1
22861,423,"2018-12-06 13:34:33",2,5,950,90,1
22862,422,"2018-12-06 13:34:34",1,5,1015,90,1
22863,422,"2018-12-06 13:34:36",1,5,996,90,1
22864,423,"2018-12-06 13:34:38",2,5,1009,90,1
22865,422,"2018-12-06 13:34:39",2,5,1004,90,1
22866,422,"2018-12-06 13:34:42",2,5,935,90,1
22867,423,"2018-12-06 13:34:42",2,5,946,90,1
22868,422,"2018-12-06 13:34:45",4,5,976,90,1
22869,423,"2018-12-06 13:34:46",1,5,970,90,1
22870,422,"2018-12-06 13:34:47",1,5,971,90,1
22871,422,"2018-12-06 13:34:50",3,5,951,90,1
22872,423,"2018-12-06 13:34:51",1,5,968,90,1
22873,422,"2018-12-06 13:34:53",2,5,955,90,1
22874,422,"2018-12-06 13:34:56",4,5,983,90,1
22875,423,"2018-12-06 13:35:00",4,5,983,90,1
22876,422,"2018-12-06 13:35:00",5,5,998,90,1
22877,422,"2018-12-06 13:35:03",1,5,948,90,1
22878,422,"2018-12-06 13:35:05",1,5,952,90,1
22879,423,"2018-12-06 13:35:05",3,5,980,90,1
22880,422,"2018-12-06 13:35:08",5,5,936,90,1
22881,422,"2018-12-06 13:35:10",3,5,1007,90,1
22882,423,"2018-12-06 13:35:11",1,5,996,90,1
22883,422,"2018-12-06 13:35:12",2,5,1003,90,1
22884,422,"2018-12-06 13:35:14",2,5,950,90,1
22885,422,"2018-12-06 13:35:16",1,5,997,90,1
22886,423,"2018-12-06 13:35:18",2,5,1005,90,1
22887,422,"2018-12-06 13:35:19",3,5,956,90,1
22888,422,"2018-12-06 13:35:20",1,5,954,90,1
22889,423,"2018-12-06 13:35:23",1,5,1001,90,1
22890,422,"2018-12-06 13:35:24",1,5,1008,90,1
22891,422,"2018-12-06 13:35:26",1,5,962,90,1
22892,422,"2018-12-06 13:35:28",2,5,1016,90,1
22893,423,"2018-12-06 13:35:31",1,5,1016,90,1
22894,423,"2018-12-06 13:35:37",4,5,938,90,1
22895,423,"2018-12-06 13:35:43",5,5,998,90,1
22896,423,"2018-12-06 13:35:47",1,5,943,90,1
22897,423,"2018-12-06 13:35:51",3,5,945,90,1
22898,423,"2018-12-06 13:35:55",1,5,975,90,1
22899,423,"2018-12-06 13:36:01",4,5,1025,90,1
22900,423,"2018-12-06 13:36:11",3,5,982,90,1
22901,423,"2018-12-06 13:36:21",2,5,952,90,1
22902,423,"2018-12-06 13:36:27",5,5,974,90,1
22903,423,"2018-12-06 13:36:33",4,5,992,90,1
22904,423,"2018-12-06 13:36:42",3,5,940,90,1
22965,428,"2018-12-06 16:49:53",4,5,982,90,1
22966,428,"2018-12-06 16:49:58",3,5,925,90,1
22967,432,"2018-12-06 16:49:58",1,5,930,90,1
22968,432,"2018-12-06 16:50:01",1,5,971,90,1
22969,428,"2018-12-06 16:50:03",1,5,960,90,1
22970,428,"2018-12-06 16:50:06",1,5,931,90,1
22971,432,"2018-12-06 16:50:07",2,5,940,90,1
22972,432,"2018-12-06 16:50:09",2,5,978,90,1
22973,428,"2018-12-06 16:50:10",4,5,942,90,1
22974,432,"2018-12-06 16:50:11",2,5,945,90,1
22975,433,"2018-12-06 16:50:12",1,5,985,90,1
22976,432,"2018-12-06 16:50:14",5,5,1014,90,1
22977,433,"2018-12-06 16:50:15",2,5,1000,90,1
22978,432,"2018-12-06 16:50:16",4,5,938,90,1
22979,435,"2018-12-06 16:50:16",3,5,965,90,1
22980,426,"2018-12-06 16:50:17",3,5,984,90,1
22981,428,"2018-12-06 16:50:18",1,5,953,90,1
22982,432,"2018-12-06 16:50:18",3,5,1016,90,1
22983,435,"2018-12-06 16:50:19",2,5,957,90,1
22984,433,"2018-12-06 16:50:20",2,5,946,90,1
22985,427,"2018-12-06 16:50:20",3,5,973,90,1
22986,426,"2018-12-06 16:50:20",3,5,995,90,1
22987,432,"2018-12-06 16:50:21",3,5,933,90,1
22988,435,"2018-12-06 16:50:22",1,5,993,90,1
22989,428,"2018-12-06 16:50:22",3,5,927,90,1
22990,431,"2018-12-06 16:50:23",1,5,1008,90,1
22991,426,"2018-12-06 16:50:23",2,5,939,90,1
22992,432,"2018-12-06 16:50:23",5,5,995,90,1
22993,427,"2018-12-06 16:50:23",2,5,963,90,1
22994,433,"2018-12-06 16:50:24",3,5,955,90,1
22995,428,"2018-12-06 16:50:25",2,5,959,90,1
22996,435,"2018-12-06 16:50:25",4,5,976,90,1
22997,426,"2018-12-06 16:50:25",1,5,943,90,1
22998,435,"2018-12-06 16:50:27",1,5,960,90,1
22999,432,"2018-12-06 16:50:28",5,5,994,90,1
23000,433,"2018-12-06 16:50:28",2,5,1017,90,1
23001,427,"2018-12-06 16:50:28",1,5,947,90,1
23002,426,"2018-12-06 16:50:29",2,5,1003,90,1
23003,432,"2018-12-06 16:50:30",3,5,946,90,1
23004,433,"2018-12-06 16:50:31",4,5,961,90,1
23005,435,"2018-12-06 16:50:31",4,5,951,90,1
23006,428,"2018-12-06 16:50:31",3,5,988,90,1
23007,427,"2018-12-06 16:50:32",3,5,966,90,1
23008,432,"2018-12-06 16:50:32",3,5,972,90,1
23009,426,"2018-12-06 16:50:33",4,5,1019,90,1
23010,435,"2018-12-06 16:50:33",1,5,943,90,1
23011,433,"2018-12-06 16:50:34",5,5,973,90,1
23012,431,"2018-12-06 16:50:34",5,5,1027,90,1
23013,432,"2018-12-06 16:50:34",4,5,951,90,1
23014,432,"2018-12-06 16:50:36",2,5,954,90,1
23015,435,"2018-12-06 16:50:36",4,5,1000,90,1
23016,433,"2018-12-06 16:50:37",3,5,1007,90,1
23017,427,"2018-12-06 16:50:37",2,5,965,90,1
23018,426,"2018-12-06 16:50:37",4,5,1014,90,1
23019,432,"2018-12-06 16:50:38",5,5,982,90,1
23020,435,"2018-12-06 16:50:39",3,5,929,90,1
23021,432,"2018-12-06 16:50:40",2,5,993,90,1
23022,428,"2018-12-06 16:50:40",4,5,958,90,1
23023,430,"2018-12-06 16:50:41",3,5,1004,90,1
23024,431,"2018-12-06 16:50:42",4,5,934,90,1
23025,427,"2018-12-06 16:50:42",4,5,961,90,1
23026,426,"2018-12-06 16:50:42",3,5,950,90,1
23027,432,"2018-12-06 16:50:42",4,5,1013,90,1
23028,435,"2018-12-06 16:50:43",2,5,932,90,1
23029,430,"2018-12-06 16:50:43",1,5,1008,90,1
23030,428,"2018-12-06 16:50:44",3,5,984,90,1
23031,432,"2018-12-06 16:50:44",4,5,956,90,1
23032,426,"2018-12-06 16:50:45",4,5,937,90,1
23033,427,"2018-12-06 16:50:45",1,5,1008,90,1
23034,435,"2018-12-06 16:50:45",3,5,946,90,1
23035,430,"2018-12-06 16:50:46",3,5,1024,90,1
23036,432,"2018-12-06 16:50:46",5,5,979,90,1
23037,429,"2018-12-06 16:50:47",4,5,942,90,1
23038,435,"2018-12-06 16:50:48",2,5,939,90,1
23039,426,"2018-12-06 16:50:48",2,5,954,90,1
23040,428,"2018-12-06 16:50:48",3,5,950,90,1
23041,432,"2018-12-06 16:50:49",3,5,1000,90,1
23042,430,"2018-12-06 16:50:49",2,5,959,90,1
23043,427,"2018-12-06 16:50:49",2,5,958,90,1
23044,429,"2018-12-06 16:50:50",1,5,1006,90,1
23045,426,"2018-12-06 16:50:51",3,5,925,90,1
23046,435,"2018-12-06 16:50:51",4,5,1010,90,1
23047,430,"2018-12-06 16:50:51",1,5,1001,90,1
23048,427,"2018-12-06 16:50:52",2,5,951,90,1
23049,431,"2018-12-06 16:50:52",2,5,1002,90,1
23050,429,"2018-12-06 16:50:53",2,5,948,90,1
23051,435,"2018-12-06 16:50:54",4,5,1014,90,1
23052,430,"2018-12-06 16:50:56",4,5,1011,90,1
23053,432,"2018-12-06 16:50:56",5,5,998,90,1
23054,427,"2018-12-06 16:50:56",4,5,936,90,1
23055,426,"2018-12-06 16:50:57",5,5,1012,90,1
23056,432,"2018-12-06 16:50:57",2,5,996,90,1
23057,435,"2018-12-06 16:50:58",4,5,969,90,1
23058,428,"2018-12-06 16:50:59",5,5,1019,90,1
23059,432,"2018-12-06 16:50:59",1,5,943,90,1
23060,430,"2018-12-06 16:51:00",3,5,965,90,1
23061,429,"2018-12-06 16:51:00",5,5,991,90,1
23062,426,"2018-12-06 16:51:00",1,5,975,90,1
23063,435,"2018-12-06 16:51:00",1,5,930,90,1
23064,432,"2018-12-06 16:51:01",3,5,965,90,1
23065,426,"2018-12-06 16:51:02",3,5,1007,90,1
23066,427,"2018-12-06 16:51:03",4,5,1026,90,1
23067,432,"2018-12-06 16:51:03",5,5,1024,90,1
23068,429,"2018-12-06 16:51:03",3,5,984,90,1
23069,431,"2018-12-06 16:51:03",4,5,942,90,1
23070,435,"2018-12-06 16:51:04",4,5,936,90,1
23071,426,"2018-12-06 16:51:05",5,5,964,90,1
23072,432,"2018-12-06 16:51:05",5,5,1011,90,1
23073,428,"2018-12-06 16:51:05",2,5,954,90,1
23074,435,"2018-12-06 16:51:07",1,5,975,90,1
23075,432,"2018-12-06 16:51:08",2,5,957,90,1
23076,430,"2018-12-06 16:51:08",4,5,936,90,1
23077,426,"2018-12-06 16:51:08",4,5,986,90,1
23078,432,"2018-12-06 16:51:09",4,5,984,90,1
23079,435,"2018-12-06 16:51:10",1,5,990,90,1
23080,430,"2018-12-06 16:51:10",2,5,1005,90,1
23081,427,"2018-12-06 16:51:10",3,5,940,90,1
23082,431,"2018-12-06 16:51:11",3,5,979,90,1
23083,432,"2018-12-06 16:51:11",2,5,977,90,1
23084,426,"2018-12-06 16:51:11",2,5,963,90,1
23085,435,"2018-12-06 16:51:13",4,5,945,90,1
23086,432,"2018-12-06 16:51:13",3,5,970,90,1
23087,428,"2018-12-06 16:51:13",3,5,980,90,1
23088,426,"2018-12-06 16:51:15",4,5,969,90,1
23089,435,"2018-12-06 16:51:15",5,5,988,90,1
23090,428,"2018-12-06 16:51:17",1,5,930,90,1
23091,432,"2018-12-06 16:51:18",4,5,968,90,1
23092,426,"2018-12-06 16:51:18",4,5,987,90,1
23093,435,"2018-12-06 16:51:19",5,5,1002,90,1
23094,427,"2018-12-06 16:51:19",2,5,1002,90,1
23095,432,"2018-12-06 16:51:19",4,5,963,90,1
23096,436,"2018-12-06 16:51:20",2,5,952,90,1
23097,433,"2018-12-06 16:51:21",4,5,956,90,1
23098,432,"2018-12-06 16:51:21",5,5,937,90,1
23099,435,"2018-12-06 16:51:21",1,5,1008,90,1
23100,426,"2018-12-06 16:51:21",4,5,973,90,1
23101,431,"2018-12-06 16:51:22",4,5,976,90,1
23102,428,"2018-12-06 16:51:23",3,5,934,90,1
23103,432,"2018-12-06 16:51:23",4,5,988,90,1
23104,435,"2018-12-06 16:51:24",4,5,937,90,1
23105,436,"2018-12-06 16:51:25",4,5,964,90,1
23106,433,"2018-12-06 16:51:25",1,5,996,90,1
23107,432,"2018-12-06 16:51:25",3,5,1018,90,1
23108,430,"2018-12-06 16:51:26",3,5,1023,90,1
23109,428,"2018-12-06 16:51:26",1,5,971,90,1
23110,433,"2018-12-06 16:51:27",2,5,959,90,1
23111,426,"2018-12-06 16:51:27",3,5,1000,90,1
23112,435,"2018-12-06 16:51:27",4,5,1003,90,1
23113,432,"2018-12-06 16:51:28",3,5,947,90,1
23114,436,"2018-12-06 16:51:28",2,5,957,90,1
23115,433,"2018-12-06 16:51:29",4,5,1011,90,1
23116,435,"2018-12-06 16:51:29",2,5,1005,90,1
23117,426,"2018-12-06 16:51:29",1,5,985,90,1
23118,432,"2018-12-06 16:51:29",3,5,1007,90,1
23119,436,"2018-12-06 16:51:30",1,5,985,90,1
23120,432,"2018-12-06 16:51:31",1,5,926,90,1
23121,428,"2018-12-06 16:51:31",1,5,972,90,1
23122,431,"2018-12-06 16:51:31",3,5,966,90,1
23123,433,"2018-12-06 16:51:31",4,5,980,90,1
23124,426,"2018-12-06 16:51:31",2,5,970,90,1
23125,435,"2018-12-06 16:51:32",5,5,941,90,1
23126,432,"2018-12-06 16:51:32",1,5,953,90,1
23127,430,"2018-12-06 16:51:32",4,5,1021,90,1
23128,428,"2018-12-06 16:51:33",1,5,993,90,1
23129,427,"2018-12-06 16:51:33",3,5,937,90,1
23130,433,"2018-12-06 16:51:34",5,5,969,90,1
23131,426,"2018-12-06 16:51:34",3,5,968,90,1
23132,435,"2018-12-06 16:51:34",5,5,1021,90,1
23133,428,"2018-12-06 16:51:35",1,5,975,90,1
23134,431,"2018-12-06 16:51:36",1,5,993,90,1
23135,426,"2018-12-06 16:51:36",2,5,959,90,1
23136,433,"2018-12-06 16:51:36",4,5,963,90,1
23137,435,"2018-12-06 16:51:37",4,5,944,90,1
23138,427,"2018-12-06 16:51:37",2,5,1016,90,1
23139,430,"2018-12-06 16:51:38",3,5,976,90,1
23140,433,"2018-12-06 16:51:39",3,5,1003,90,1
23141,436,"2018-12-06 16:51:39",4,5,992,90,1
23142,426,"2018-12-06 16:51:39",2,5,929,90,1
23143,435,"2018-12-06 16:51:39",1,5,1001,90,1
23144,431,"2018-12-06 16:51:41",1,5,1018,90,1
23145,435,"2018-12-06 16:51:42",2,5,948,90,1
23146,433,"2018-12-06 16:51:42",1,5,926,90,1
23147,436,"2018-12-06 16:51:43",3,5,1026,90,1
23148,426,"2018-12-06 16:51:43",3,5,945,90,1
23149,429,"2018-12-06 16:51:43",5,5,1019,90,1
23150,433,"2018-12-06 16:51:44",2,5,925,90,1
23151,428,"2018-12-06 16:51:45",4,5,998,90,1
23152,435,"2018-12-06 16:51:45",2,5,962,90,1
23153,436,"2018-12-06 16:51:46",2,5,968,90,1
23154,426,"2018-12-06 16:51:48",4,5,965,90,1
23155,433,"2018-12-06 16:51:48",5,5,992,90,1
23156,427,"2018-12-06 16:51:48",3,5,982,90,1
23157,430,"2018-12-06 16:51:49",5,5,938,90,1
23158,429,"2018-12-06 16:51:49",3,5,1003,90,1
23159,435,"2018-12-06 16:51:50",4,5,968,90,1
23160,436,"2018-12-06 16:51:50",1,5,972,90,1
23161,428,"2018-12-06 16:51:50",3,5,1017,90,1
23162,426,"2018-12-06 16:51:50",3,5,977,90,1
23163,433,"2018-12-06 16:51:50",1,5,975,90,1
23164,430,"2018-12-06 16:51:51",1,5,989,90,1
23165,427,"2018-12-06 16:51:51",2,5,970,90,1
23166,429,"2018-12-06 16:51:52",2,5,1005,90,1
23167,431,"2018-12-06 16:51:52",3,5,973,90,1
23168,435,"2018-12-06 16:51:53",2,5,1016,90,1
23169,433,"2018-12-06 16:51:53",2,5,936,90,1
23170,436,"2018-12-06 16:51:54",2,5,1005,90,1
23171,429,"2018-12-06 16:51:55",2,5,950,90,1
23172,428,"2018-12-06 16:51:56",4,5,945,90,1
23173,435,"2018-12-06 16:51:56",2,5,996,90,1
23174,430,"2018-12-06 16:51:56",3,5,934,90,1
23175,427,"2018-12-06 16:51:56",1,5,950,90,1
23176,433,"2018-12-06 16:51:56",1,5,944,90,1
23177,426,"2018-12-06 16:51:56",5,5,992,90,1
23178,436,"2018-12-06 16:51:57",3,5,1009,90,1
23179,429,"2018-12-06 16:51:57",1,5,993,90,1
23180,430,"2018-12-06 16:51:58",2,5,1010,90,1
23181,435,"2018-12-06 16:51:58",4,5,940,90,1
23182,426,"2018-12-06 16:51:59",5,5,938,90,1
23183,433,"2018-12-06 16:51:59",2,5,1015,90,1
23184,428,"2018-12-06 16:51:59",4,5,956,90,1
23185,435,"2018-12-06 16:52:00",1,5,989,90,1
23186,430,"2018-12-06 16:52:00",3,5,948,90,1
23187,427,"2018-12-06 16:52:00",1,5,1000,90,1
23188,429,"2018-12-06 16:52:02",2,5,944,90,1
23189,430,"2018-12-06 16:52:02",1,5,993,90,1
23190,427,"2018-12-06 16:52:02",1,5,957,90,1
23191,428,"2018-12-06 16:52:02",2,5,1016,90,1
23192,426,"2018-12-06 16:52:02",5,5,940,90,1
23193,435,"2018-12-06 16:52:04",5,5,983,90,1
23194,426,"2018-12-06 16:52:05",1,5,993,90,1
23195,433,"2018-12-06 16:52:05",1,5,994,90,1
23196,431,"2018-12-06 16:52:05",2,5,1007,90,1
23197,427,"2018-12-06 16:52:05",1,5,932,90,1
23198,428,"2018-12-06 16:52:05",1,5,990,90,1
23199,435,"2018-12-06 16:52:07",5,5,1022,90,1
23200,427,"2018-12-06 16:52:07",1,5,985,90,1
23201,429,"2018-12-06 16:52:07",2,5,951,90,1
23202,426,"2018-12-06 16:52:08",5,5,1023,90,1
23203,435,"2018-12-06 16:52:09",1,5,985,90,1
23204,433,"2018-12-06 16:52:09",4,5,958,90,1
23205,430,"2018-12-06 16:52:09",4,5,969,90,1
23206,431,"2018-12-06 16:52:10",2,5,927,90,1
23207,426,"2018-12-06 16:52:10",5,5,1002,90,1
23208,429,"2018-12-06 16:52:10",1,5,929,90,1
23209,428,"2018-12-06 16:52:11",5,5,994,90,1
23210,430,"2018-12-06 16:52:12",3,5,968,90,1
23211,427,"2018-12-06 16:52:13",3,5,1027,90,1
23212,429,"2018-12-06 16:52:14",2,5,946,90,1
23213,426,"2018-12-06 16:52:14",2,5,1013,90,1
23214,430,"2018-12-06 16:52:15",2,5,932,90,1
23215,428,"2018-12-06 16:52:15",2,5,1018,90,1
23216,436,"2018-12-06 16:52:16",1,5,1008,90,1
23217,427,"2018-12-06 16:52:16",2,5,925,90,1
23218,426,"2018-12-06 16:52:17",3,5,947,90,1
23219,429,"2018-12-06 16:52:17",3,5,1018,90,1
23220,427,"2018-12-06 16:52:18",1,5,972,90,1
23221,431,"2018-12-06 16:52:18",4,5,1012,90,1
23222,426,"2018-12-06 16:52:19",5,5,941,90,1
23223,436,"2018-12-06 16:52:20",4,5,998,90,1
23224,427,"2018-12-06 16:52:20",1,5,962,90,1
23225,428,"2018-12-06 16:52:20",4,5,979,90,1
23226,429,"2018-12-06 16:52:21",3,5,925,90,1
23227,430,"2018-12-06 16:52:21",2,5,950,90,1
23228,426,"2018-12-06 16:52:22",5,5,1027,90,1
23229,427,"2018-12-06 16:52:23",3,5,974,90,1
23230,436,"2018-12-06 16:52:23",4,5,983,90,1
23231,428,"2018-12-06 16:52:23",1,5,928,90,1
23232,429,"2018-12-06 16:52:24",1,5,971,90,1
23233,426,"2018-12-06 16:52:24",5,5,967,90,1
23234,436,"2018-12-06 16:52:26",5,5,1014,90,1
23235,431,"2018-12-06 16:52:27",3,5,940,90,1
23236,430,"2018-12-06 16:52:28",3,5,1009,90,1
23237,436,"2018-12-06 16:52:30",5,5,937,90,1
23238,427,"2018-12-06 16:52:30",1,5,995,90,1
23239,431,"2018-12-06 16:52:32",3,5,964,90,1
23240,433,"2018-12-06 16:52:32",4,5,967,90,1
23241,436,"2018-12-06 16:52:32",3,5,967,90,1
23242,427,"2018-12-06 16:52:33",2,5,969,90,1
23243,428,"2018-12-06 16:52:35",5,5,986,90,1
23244,433,"2018-12-06 16:52:35",2,5,977,90,1
23245,429,"2018-12-06 16:52:35",4,5,999,90,1
23246,427,"2018-12-06 16:52:36",2,5,934,90,1
23247,430,"2018-12-06 16:52:36",3,5,984,90,1
23248,436,"2018-12-06 16:52:36",2,5,1010,90,1
23249,428,"2018-12-06 16:52:37",2,5,939,90,1
23250,427,"2018-12-06 16:52:38",1,5,960,90,1
23251,430,"2018-12-06 16:52:39",2,5,931,90,1
23252,436,"2018-12-06 16:52:39",1,5,996,90,1
23253,428,"2018-12-06 16:52:41",4,5,974,90,1
23254,430,"2018-12-06 16:52:41",1,5,995,90,1
23255,431,"2018-12-06 16:52:41",3,5,980,90,1
23256,436,"2018-12-06 16:52:42",2,5,949,90,1
23257,436,"2018-12-06 16:52:45",5,5,1012,90,1
23258,430,"2018-12-06 16:52:46",5,5,961,90,1
23259,431,"2018-12-06 16:52:46",2,5,1020,90,1
23260,429,"2018-12-06 16:52:47",5,5,965,90,1
23261,428,"2018-12-06 16:52:47",4,5,940,90,1
23262,436,"2018-12-06 16:52:47",1,5,981,90,1
23263,433,"2018-12-06 16:52:47",2,5,1022,90,1
23264,429,"2018-12-06 16:52:50",5,5,941,90,1
23265,436,"2018-12-06 16:52:50",2,5,929,90,1
23266,428,"2018-12-06 16:52:50",1,5,1015,90,1
23267,431,"2018-12-06 16:52:52",1,5,953,90,1
23268,436,"2018-12-06 16:52:52",3,5,1020,90,1
23269,427,"2018-12-06 16:52:54",3,5,1022,90,1
23270,428,"2018-12-06 16:52:54",4,5,1013,90,1
23271,429,"2018-12-06 16:52:55",4,5,976,90,1
23272,430,"2018-12-06 16:52:55",4,5,983,90,1
23273,436,"2018-12-06 16:52:55",4,5,1023,90,1
23274,428,"2018-12-06 16:52:56",2,5,1020,90,1
23275,436,"2018-12-06 16:52:58",2,5,925,90,1
23276,428,"2018-12-06 16:52:59",4,5,937,90,1
23277,431,"2018-12-06 16:53:00",4,5,961,90,1
23278,427,"2018-12-06 16:53:00",4,5,1014,90,1
23279,430,"2018-12-06 16:53:00",5,5,937,90,1
23280,429,"2018-12-06 16:53:00",5,5,969,90,1
23281,436,"2018-12-06 16:53:01",5,5,934,90,1
23282,429,"2018-12-06 16:53:03",4,5,1023,90,1
23283,427,"2018-12-06 16:53:04",2,5,1025,90,1
23284,436,"2018-12-06 16:53:04",4,5,936,90,1
23285,433,"2018-12-06 16:53:05",2,5,927,90,1
23286,428,"2018-12-06 16:53:06",4,5,966,90,1
23287,427,"2018-12-06 16:53:06",1,5,1017,90,1
23288,430,"2018-12-06 16:53:07",4,5,1013,90,1
23289,433,"2018-12-06 16:53:08",4,5,952,90,1
23290,436,"2018-12-06 16:53:08",4,5,979,90,1
23291,427,"2018-12-06 16:53:08",1,5,931,90,1
23292,433,"2018-12-06 16:53:10",4,5,940,90,1
23293,436,"2018-12-06 16:53:10",4,5,1025,90,1
23294,430,"2018-12-06 16:53:11",4,5,991,90,1
23295,431,"2018-12-06 16:53:12",4,5,969,90,1
23296,427,"2018-12-06 16:53:12",3,5,964,90,1
23297,436,"2018-12-06 16:53:13",2,5,1016,90,1
23298,430,"2018-12-06 16:53:13",1,5,960,90,1
23299,427,"2018-12-06 16:53:14",1,5,993,90,1
23300,433,"2018-12-06 16:53:15",5,5,990,90,1
23301,430,"2018-12-06 16:53:15",1,5,943,90,1
23302,436,"2018-12-06 16:53:16",1,5,975,90,1
23303,429,"2018-12-06 16:53:16",2,5,1017,90,1
23304,427,"2018-12-06 16:53:16",1,5,935,90,1
23305,433,"2018-12-06 16:53:17",5,5,948,90,1
23306,436,"2018-12-06 16:53:17",1,5,926,90,1
23307,427,"2018-12-06 16:53:18",1,5,928,90,1
23308,429,"2018-12-06 16:53:18",1,5,930,90,1
23309,430,"2018-12-06 16:53:18",2,5,1003,90,1
23310,431,"2018-12-06 16:53:19",2,5,948,90,1
23311,433,"2018-12-06 16:53:19",5,5,1005,90,1
23312,430,"2018-12-06 16:53:20",1,5,930,90,1
23313,436,"2018-12-06 16:53:20",3,5,1000,90,1
23314,430,"2018-12-06 16:53:22",1,5,997,90,1
23315,436,"2018-12-06 16:53:23",3,5,970,90,1
23316,429,"2018-12-06 16:53:23",5,5,974,90,1
23317,431,"2018-12-06 16:53:23",1,5,960,90,1
23318,436,"2018-12-06 16:53:25",1,5,997,90,1
23319,430,"2018-12-06 16:53:26",2,5,933,90,1
23320,436,"2018-12-06 16:53:27",4,5,1013,90,1
23321,429,"2018-12-06 16:53:28",4,5,936,90,1
23322,436,"2018-12-06 16:53:29",1,5,939,90,1
23323,433,"2018-12-06 16:53:29",5,5,986,90,1
23324,431,"2018-12-06 16:53:30",5,5,937,90,1
23325,430,"2018-12-06 16:53:30",5,5,982,90,1
23326,436,"2018-12-06 16:53:30",3,5,958,90,1
23327,429,"2018-12-06 16:53:31",2,5,968,90,1
23328,436,"2018-12-06 16:53:33",5,5,1027,90,1
23329,431,"2018-12-06 16:53:34",3,5,925,90,1
23330,436,"2018-12-06 16:53:34",2,5,950,90,1
23331,430,"2018-12-06 16:53:36",1,5,1006,90,1
23332,430,"2018-12-06 16:53:38",1,5,971,90,1
23333,429,"2018-12-06 16:53:39",1,5,945,90,1
23334,431,"2018-12-06 16:53:42",4,5,992,90,1
23335,429,"2018-12-06 16:53:42",3,5,933,90,1
23336,429,"2018-12-06 16:53:44",1,5,989,90,1
23337,431,"2018-12-06 16:53:46",1,5,939,90,1
23338,431,"2018-12-06 16:53:50",1,5,949,90,1
23339,429,"2018-12-06 16:53:51",4,5,973,90,1
23340,429,"2018-12-06 16:53:54",2,5,935,90,1
23341,431,"2018-12-06 16:53:55",2,5,962,90,1
23342,429,"2018-12-06 16:53:58",4,5,940,90,1
23343,429,"2018-12-06 16:54:00",1,5,996,90,1
23344,431,"2018-12-06 16:54:00",1,5,1001,90,1
23345,429,"2018-12-06 16:54:02",2,5,927,90,1
23346,431,"2018-12-06 16:54:04",2,5,944,90,1
23347,429,"2018-12-06 16:54:04",1,5,932,90,1
23348,429,"2018-12-06 16:54:08",4,5,938,90,1
23349,429,"2018-12-06 16:54:10",2,5,1016,90,1
23350,431,"2018-12-06 16:54:12",1,5,984,90,1
23351,433,"2018-12-06 16:54:12",1,5,957,90,1
23352,431,"2018-12-06 16:54:19",5,5,1019,90,1
23353,429,"2018-12-06 16:54:21",4,5,956,90,1
23354,433,"2018-12-06 16:54:26",5,5,1023,90,1
23355,431,"2018-12-06 16:54:29",4,5,986,90,1
23356,433,"2018-12-06 16:54:30",2,5,949,90,1
23357,433,"2018-12-06 16:54:32",1,5,993,90,1
23358,431,"2018-12-06 16:54:34",2,5,1003,90,1
23359,433,"2018-12-06 16:54:35",4,5,966,90,1
23360,431,"2018-12-06 16:54:40",4,5,965,90,1
23361,431,"2018-12-06 16:54:43",1,5,996,90,1
23362,431,"2018-12-06 16:54:51",4,5,999,90,1
23363,431,"2018-12-06 16:54:54",1,5,971,90,1
23364,431,"2018-12-06 16:54:59",3,5,956,90,1
23365,434,"2018-12-06 16:55:41",3,5,961,90,1
23366,434,"2018-12-06 16:55:49",3,5,956,90,1
23367,434,"2018-12-06 16:55:57",1,5,996,90,1
23368,434,"2018-12-06 16:56:04",1,5,949,90,1
23369,434,"2018-12-06 16:56:10",2,5,957,90,1
23370,434,"2018-12-06 16:56:18",1,5,1008,90,1
23371,434,"2018-12-06 16:56:27",2,5,1020,90,1
23372,434,"2018-12-06 16:56:38",2,5,929,90,1
23373,434,"2018-12-06 16:56:44",3,5,1023,90,1
23374,434,"2018-12-06 16:56:54",2,5,977,90,1
23375,434,"2018-12-06 16:57:04",4,5,967,90,1
23376,434,"2018-12-06 16:57:11",5,5,937,90,1
23377,434,"2018-12-06 16:57:31",4,5,994,90,1
23378,434,"2018-12-06 16:57:39",2,5,952,90,1
23379,434,"2018-12-06 16:57:47",1,5,932,90,1
23380,434,"2018-12-06 16:57:56",3,5,933,90,1
23381,434,"2018-12-06 16:58:06",1,5,1001,90,1
23382,434,"2018-12-06 16:58:18",1,5,1015,90,1
23383,434,"2018-12-06 16:58:36",1,5,939,90,1
23384,434,"2018-12-06 16:58:46",1,5,926,90,1
23385,434,"2018-12-06 16:58:52",4,5,964,90,1
23386,434,"2018-12-06 16:58:58",1,5,960,90,1
23387,434,"2018-12-06 16:59:08",1,5,935,90,1
23388,434,"2018-12-06 16:59:15",3,5,966,90,1
23389,434,"2018-12-06 16:59:23",4,5,988,90,1
23390,434,"2018-12-06 16:59:30",1,5,931,90,1
23391,434,"2018-12-06 16:59:46",2,5,980,90,1
23392,434,"2018-12-06 17:00:02",2,5,1002,90,1
23393,434,"2018-12-06 17:00:09",1,5,954,90,1
23394,434,"2018-12-06 17:00:17",4,5,1009,90,1
23395,434,"2018-12-06 17:00:33",3,5,948,90,1
23396,434,"2018-12-06 17:00:43",4,5,1019,90,1
23397,434,"2018-12-06 17:00:52",4,5,982,90,1
23398,434,"2018-12-06 17:01:03",2,5,958,90,1
23399,434,"2018-12-06 17:01:13",1,5,989,90,1
23400,434,"2018-12-06 17:01:20",3,5,987,90,1
23401,434,"2018-12-06 17:01:28",4,5,998,90,1
23402,434,"2018-12-06 17:01:35",2,5,1016,90,1
23403,434,"2018-12-06 17:01:43",1,5,930,90,1
23404,434,"2018-12-06 17:01:49",2,5,972,90,1
23436,438,"2018-12-07 16:45:12",1,5,1008,90,1
23437,443,"2018-12-07 16:45:19",4,5,979,90,1
23438,438,"2018-12-07 16:45:21",5,5,1019,90,1
23439,437,"2018-12-07 16:45:23",3,5,1007,90,1
23440,443,"2018-12-07 16:45:24",2,5,1016,90,1
23441,437,"2018-12-07 16:45:27",4,5,956,90,1
23442,443,"2018-12-07 16:45:28",2,5,970,90,1
23443,438,"2018-12-07 16:45:33",4,5,941,90,1
23444,443,"2018-12-07 16:45:34",3,5,958,90,1
23445,440,"2018-12-07 16:45:36",2,5,950,90,1
23446,437,"2018-12-07 16:45:37",2,5,1005,90,1
23447,442,"2018-12-07 16:45:37",4,5,982,90,1
23448,438,"2018-12-07 16:45:38",3,5,968,90,1
23449,443,"2018-12-07 16:45:39",3,5,1023,90,1
23450,438,"2018-12-07 16:45:41",3,5,1007,90,1
23451,442,"2018-12-07 16:45:41",3,5,992,90,1
23452,443,"2018-12-07 16:45:42",1,5,943,90,1
23453,437,"2018-12-07 16:45:43",1,5,997,90,1
23454,443,"2018-12-07 16:45:46",2,5,955,90,1
23455,442,"2018-12-07 16:45:47",2,5,955,90,1
23456,438,"2018-12-07 16:45:47",2,5,949,90,1
23457,437,"2018-12-07 16:45:49",4,5,933,90,1
23458,443,"2018-12-07 16:45:52",4,5,961,90,1
23459,442,"2018-12-07 16:45:52",2,5,952,90,1
23460,437,"2018-12-07 16:45:52",5,5,974,90,1
23461,438,"2018-12-07 16:45:53",5,5,942,90,1
23462,440,"2018-12-07 16:45:55",3,5,1000,90,1
23463,443,"2018-12-07 16:45:56",5,5,964,90,1
23464,439,"2018-12-07 16:45:57",3,5,987,90,1
23465,437,"2018-12-07 16:45:58",5,5,984,90,1
23466,438,"2018-12-07 16:45:59",3,5,935,90,1
23467,437,"2018-12-07 16:46:00",1,5,960,90,1
23468,443,"2018-12-07 16:46:00",4,5,1022,90,1
23469,439,"2018-12-07 16:46:02",1,5,953,90,1
23470,440,"2018-12-07 16:46:02",4,5,1011,90,1
23471,438,"2018-12-07 16:46:02",1,5,926,90,1
23472,443,"2018-12-07 16:46:04",2,5,1006,90,1
23473,442,"2018-12-07 16:46:05",5,5,1014,90,1
23474,437,"2018-12-07 16:46:05",4,5,1023,90,1
23475,438,"2018-12-07 16:46:06",2,5,957,90,1
23476,443,"2018-12-07 16:46:07",5,5,982,90,1
23477,439,"2018-12-07 16:46:08",3,5,1010,90,1
23478,442,"2018-12-07 16:46:09",2,5,935,90,1
23479,440,"2018-12-07 16:46:09",5,5,1027,90,1
23480,443,"2018-12-07 16:46:10",2,5,959,90,1
23481,439,"2018-12-07 16:46:11",1,5,926,90,1
23482,442,"2018-12-07 16:46:11",1,5,1006,90,1
23483,440,"2018-12-07 16:46:13",1,5,993,90,1
23484,443,"2018-12-07 16:46:13",1,5,996,90,1
23485,442,"2018-12-07 16:46:13",1,5,926,90,1
23486,442,"2018-12-07 16:46:15",1,5,928,90,1
23487,437,"2018-12-07 16:46:16",4,5,938,90,1
23488,438,"2018-12-07 16:46:16",4,5,936,90,1
23489,439,"2018-12-07 16:46:16",2,5,978,90,1
23490,440,"2018-12-07 16:46:17",1,5,981,90,1
23491,443,"2018-12-07 16:46:17",3,5,1000,90,1
23492,439,"2018-12-07 16:46:19",1,5,930,90,1
23493,437,"2018-12-07 16:46:20",4,5,966,90,1
23494,443,"2018-12-07 16:46:21",2,5,935,90,1
23495,439,"2018-12-07 16:46:23",1,5,943,90,1
23496,437,"2018-12-07 16:46:24",2,5,995,90,1
23497,443,"2018-12-07 16:46:24",2,5,962,90,1
23498,438,"2018-12-07 16:46:26",1,5,981,90,1
23499,443,"2018-12-07 16:46:28",2,5,1001,90,1
23500,437,"2018-12-07 16:46:29",1,5,954,90,1
23501,438,"2018-12-07 16:46:30",5,5,986,90,1
23502,443,"2018-12-07 16:46:32",4,5,936,90,1
23503,437,"2018-12-07 16:46:32",5,5,1027,90,1
23504,439,"2018-12-07 16:46:32",5,5,1014,90,1
23505,437,"2018-12-07 16:46:34",1,5,971,90,1
23506,442,"2018-12-07 16:46:35",4,5,936,90,1
23507,439,"2018-12-07 16:46:35",2,5,981,90,1
23508,443,"2018-12-07 16:46:35",1,5,1015,90,1
23509,438,"2018-12-07 16:46:37",3,5,1000,90,1
23510,437,"2018-12-07 16:46:37",3,5,1020,90,1
23511,440,"2018-12-07 16:46:39",5,5,969,90,1
23512,443,"2018-12-07 16:46:39",3,5,999,90,1
23513,442,"2018-12-07 16:46:39",2,5,1017,90,1
23514,439,"2018-12-07 16:46:40",3,5,966,90,1
23515,438,"2018-12-07 16:46:40",2,5,931,90,1
23516,440,"2018-12-07 16:46:42",2,5,972,90,1
23517,443,"2018-12-07 16:46:43",4,5,965,90,1
23518,439,"2018-12-07 16:46:43",2,5,996,90,1
23519,442,"2018-12-07 16:46:44",5,5,994,90,1
23520,437,"2018-12-07 16:46:47",2,5,970,90,1
23521,443,"2018-12-07 16:46:47",4,5,992,90,1
23522,438,"2018-12-07 16:46:48",4,5,980,90,1
23523,440,"2018-12-07 16:46:51",3,5,927,90,1
23524,438,"2018-12-07 16:46:52",2,5,954,90,1
23525,439,"2018-12-07 16:46:52",3,5,935,90,1
23526,443,"2018-12-07 16:46:53",3,5,940,90,1
23527,437,"2018-12-07 16:46:53",3,5,988,90,1
23528,440,"2018-12-07 16:46:53",1,5,985,90,1
23529,438,"2018-12-07 16:46:55",2,5,932,90,1
23530,440,"2018-12-07 16:46:55",1,5,943,90,1
23531,443,"2018-12-07 16:46:56",2,5,931,90,1
23532,437,"2018-12-07 16:46:56",5,5,1026,90,1
23533,442,"2018-12-07 16:46:58",4,5,980,90,1
23534,439,"2018-12-07 16:47:00",3,5,1017,90,1
23535,443,"2018-12-07 16:47:00",5,5,942,90,1
23536,438,"2018-12-07 16:47:00",5,5,967,90,1
23537,440,"2018-12-07 16:47:01",1,5,989,90,1
23538,442,"2018-12-07 16:47:01",1,5,971,90,1
23539,437,"2018-12-07 16:47:02",3,5,951,90,1
23540,443,"2018-12-07 16:47:03",1,5,930,90,1
23541,440,"2018-12-07 16:47:03",4,5,956,90,1
23542,439,"2018-12-07 16:47:04",2,5,972,90,1
23543,438,"2018-12-07 16:47:05",4,5,964,90,1
23544,442,"2018-12-07 16:47:05",4,5,969,90,1
23545,437,"2018-12-07 16:47:05",5,5,1011,90,1
23546,440,"2018-12-07 16:47:06",5,5,937,90,1
23547,443,"2018-12-07 16:47:07",5,5,1012,90,1
23548,437,"2018-12-07 16:47:08",5,5,969,90,1
23549,440,"2018-12-07 16:47:10",2,5,1016,90,1
23550,437,"2018-12-07 16:47:10",5,5,1022,90,1
23551,443,"2018-12-07 16:47:10",3,5,968,90,1
23552,439,"2018-12-07 16:47:12",3,5,945,90,1
23553,440,"2018-12-07 16:47:12",1,5,975,90,1
23554,438,"2018-12-07 16:47:12",5,5,982,90,1
23555,437,"2018-12-07 16:47:12",2,5,977,90,1
23556,443,"2018-12-07 16:47:13",3,5,947,90,1
23557,440,"2018-12-07 16:47:14",1,5,928,90,1
23558,437,"2018-12-07 16:47:14",1,5,972,90,1
